sku,store_view_code,attribute_set_code,product_type,categories,product_websites,name,description,short_description,weight,status,visibility,price,special_price,special_from_date,special_to_date,tax_class_name,qty,is_in_stock,manufacturer,ean,supplier,url_key
000053025,default,Default,simple,54,base,Ephynal 20cpr Riv Mast 100mg,Ephynal*20cpr Riv Mast 100mg,Ephynal*20cpr Riv Mast 100mg,1,1,4,6.84,,,,Taxable Goods,0,0,221,000053025,2759,ephynal-20cpr-riv-mast-100mg-000053025
000053037,default,Default,simple,54,base,Ephynal 30cps 300mg,Ephynal*30cps 300mg,Ephynal*30cps 300mg,1,1,4,7.92,,,,Taxable Goods,0,0,221,000053037,2759,ephynal-30cps-300mg-000053037
000097028,default,Default,simple,54,base,Peptopancreasi os Soluz 140g,Peptopancreasi*os Soluz 140g,Peptopancreasi*os Soluz 140g,1,1,4,7.38,,,,Taxable Goods,1,1,222,000097028,2759,peptopancreasi-os-soluz-140g-000097028
000248031,default,Default,simple,54,base,Pilocarpina Clor coll 10ml 1%,Pilocarpina Clor*coll 10ml 1%,Pilocarpina Clor*coll 10ml 1%,1,1,4,4.00,,,,Taxable Goods,1,1,2732,000248031,2759,pilocarpina-clor-coll-10ml-1-000248031
000248056,default,Default,simple,54,base,Pilocarpina Clor coll 10ml 2%,Pilocarpina Clor*coll 10ml 2%,Pilocarpina Clor*coll 10ml 2%,1,1,4,4.42,,,,Taxable Goods,0,0,2732,000248056,2759,pilocarpina-clor-coll-10ml-2-000248056
000307037,default,Default,simple,54,base,Atropina Lux coll 10ml 5mg/ml,Atropina Lux*coll 10ml 5mg/ml,Atropina Lux*coll 10ml 5mg/ml,1,1,4,5.62,,,,Taxable Goods,0,0,2732,000307037,2759,atropina-lux-coll-10ml-5mg-ml-000307037
000307052,default,Default,simple,54,base,Atropina Lux coll 10ml 10mg/ml,Atropina Lux*coll 10ml 10mg/ml,Atropina Lux*coll 10ml 10mg/ml,1,1,4,6.34,,,,Taxable Goods,0,0,2732,000307052,2759,atropina-lux-coll-10ml-10mg-ml-000307052
000307088,default,Default,simple,54,base,Atropina Lux ung Oft 1% 5g,Atropina Lux*ung Oft 1% 5g,Atropina Lux*ung Oft 1% 5g,1,1,4,3.12,,,,Taxable Goods,0,0,336,000307088,2759,atropina-lux-ung-oft-1-5g-000307088
000367058,default,Default,simple,54,base,TISANA KELEMATA polvere,"<h3>Denominazione</h3>  <p>TISANA KELEMATA polvere</p>  <h3>Principi attivi</h3>  <p>100 g contengono: <b>Principio attivo:</b> Senna foglie g 51,28 <b>Aromatizzanti ed eccipienti:</b> Gramigna rizoma g 12,83 Guaiaco legno g 6,41 Issopo foglie g 6,41 Parietaria foglie g 6,41 Menta piperita foglie g 5,13 Salsapariglia radici g 6,41 Anice stellato frutti g 2,56 Melissa sommit&agrave; g 2,56</p>  <h3>Eccipienti</h3>  <p>Gramigna, guaiaco, issopo, parietaria, menta piperita, salsapariglia, anice stellato e melissa.</p>  <h3>Indicazioni terapeutiche</h3>  <p>Trattamento di breve durata della stitichezza occasionale.</p>  <h3>Posologia</h3>  <p>La dose corretta &egrave; quella minima sufficiente a produrre una facile evacuazione di feci molli. E&rsquo; consigliabile usare inizialmente le dosi minime previste. Quando necessario, la dose pu&ograve; essere aumentata, ma senza mai superare quella massima indicata. Assumere preferibilmente la sera. I lassativi devono essere usati il meno frequentemente possibile e per non pi&ugrave; di sette giorni. L&rsquo;uso per periodi di tempo maggiori richiede la prescrizione del medico dopo adeguata valutazione del singolo caso. Ingerire insieme ad una adeguata quantit&agrave; di acqua. Una dieta ricca di liquidi favorisce l&rsquo;effetto del medicinale. Prendere la tisana preparata secondo le modalit&agrave; sotto indicate: mettere in una tazza da t&egrave; 1-2 cucchiaini di Tisana Kelemata; versare sopra acqua bollente e lasciare in infusione per 10-15 minuti, quindi colare. Non superare le dosi consigliate.</p>  <h3>Controindicazioni</h3>  <p>Ipersensibilit&agrave; al principio attivo o ad uno qualsiasi degli eccipienti. I lassativi sono controindicati nei soggetti con dolore addominale acuto o di origine sconosciuta, nausea o vomito, ostruzione o stenosi intestinale, sanguinamento rettale di origine sconosciuta, grave stato di disidratazione. Generalmente controindicato durante la gravidanza e l&rsquo;allattamento (vedere p. 4.6). Controindicato nei bambini di et&agrave; inferiore a 10 anni.</p>  <h3>Avvertenze e precauzioni</h3>  <p><b>Avvertenze.</b> L&rsquo;abuso di lassativi (uso frequente o prolungato o con dosi eccessive) pu&ograve; causare diarrea persistente con conseguente perdita di acqua, sali minerali (specialmente potassio) e altri fattori nutritivi essenziali. Nei casi pi&ugrave; gravi &egrave; possibile l&rsquo;insorgenza di disidratazione o ipopotassiemia la quale pu&ograve; determinare disfunzioni cardiache o neuromuscolari, specialmente in caso di contemporaneo trattamento con glicosidi cardiaci, diuretici o corticosteroidi. L&rsquo;abuso di lassativi, specialmente quelli di contatto (lassativi stimolanti) pu&ograve; causare dipendenza (e, quindi, possibile necessit&agrave; di aumentare progressivamente il dosaggio), stitichezza cronica e perdita delle normali funzioni intestinali (atonia intestinale). <b>Precauzioni per l&rsquo;uso.</b> Nei bambini al di sotto dei 12 anni il medicinale pu&ograve; essere usato solo dopo aver consultato il medico. Il trattamento della stitichezza cronica o ricorrente richiede sempre l'intervento del medico per la diagnosi, la prescrizione dei farmaci e la sorveglianza nel corso della terapia. Consultare il medico quando la necessit&agrave; del lassativo deriva da un improvviso cambiamento delle precedenti abitudini intestinali (frequenza e caratteristiche delle evacuazioni) che duri da pi&ugrave; di due settimane o quando l'uso del lassativo non riesce a produrre effetti. E' inoltre opportuno che i soggetti anziani o in non buone condizioni di salute consultino il medico prima di usare il medicinale.</p>  <h3>Interazioni</h3>  <p>I lassativi possono ridurre il tempo di permanenza nell&rsquo;intestino, e, quindi, l&rsquo;assorbimento, di altri farmaci somministrati contemporaneamente per via orale. Evitare, quindi di ingerire contemporaneamente lassativi ed altri farmaci: dopo avere preso un medicinale lasciare trascorrere un intervallo di almeno due ore prima di prendere il lassativo. Il latte o gli antiacidi possono modificare l&rsquo;effetto del medicinale; lasciare trascorrere un intervallo di almeno un ora prima di prendere il lassativo.</p>  <h3>Gravidanza e allattamento</h3>  <p>Non esistono studi adeguati e ben controllati sull&rsquo;uso del medicinale in gravidanza o nell&rsquo;allattamento. Pertanto il medicinale deve essere usato solo in caso di necessit&agrave;, sotto il diretto controllo del medico, dopo aver valutato il beneficio atteso per la madre in rapporto al possibile rischio per il feto o per il lattante.</p>  <h3>Effetti sulla guida e sull'uso di macchinari</h3>  <p>Nessuno.</p>  <h3>Effetti indesiderati</h3>  <p>Occasionalmente: dolori crampiformi isolati o coliche addominali, pi&ugrave; frequenti nei casi di stitichezza grave. Con l&rsquo;uso del prodotto, le urine talvolta si colorano leggermente in giallo-bruno o rosso. Tale colorazione &egrave; semplicemente dovuta alla presenza nelle urine di componenti della senna e non &egrave; clinicamente significativa.</p>  <h3>Sovradosaggio</h3>  <p>Dosi eccessive possono causare dolori addominali e diarrea; le conseguenti perdite di liquidi ed elettroliti devono essere rimpiazzate. Vedere inoltre quanto riportato nel paragrafo &ldquo;Speciali avvertenze e precauzioni per l&rsquo;uso&rdquo; circa l&rsquo;abuso di lassativi.</p>  <h3>Conservazione</h3>  <p>Conservare il prodotto al di sotto dei 30&deg;C.</p>",TISANA KELEMATA polvere,1,1,4,9.18,,,,Taxable Goods,4,1,223,000367058,2759,tisana-kelemata-polvere-000367058
000367072,default,Default,simple,54,base,TISANA KELEMATA,"<h3>Denominazione</h3>  <p>TISANA KELEMATA</p>  <h3>Principi attivi</h3>  <p>Ogni bustina contiene: <table border=0 cellspacing=0 cellpadding=3>  <tr>  <td valign=top>&nbsp;</td>  <td valign=top>BUSTINA  DA g 1,3</td> <td valign=top>BUSTINA DA g 2</td>  </tr>  <tr>  <td colspan=3 valign=top><b>Principio attivo</b>:</td>  </tr>  <tr>  <td valign=top>Senna foglie</td>  <td valign=top>g  0,667</td>  <td valign=top>g  1,026</td>  </tr>  <tr>  <td colspan=2 valign=top><b>Aromatizzanti ed  eccipienti</b>:</td>  <td valign=top>&nbsp;</td>  </tr>  <tr>  <td valign=top>Gramigna rizoma</td>  <td valign=top>g  0,167</td>  <td valign=top>g 0,256</td>  </tr>  <tr>  <td valign=top>Guaiaco legno</td>  <td valign=top>g  0,083</td>  <td valign=top>g  0.128</td>  </tr> <tr>  <td valign=top>Issopo foglie</td>  <td valign=top>g 0,083</td>  <td valign=top>g  0,128</td>  </tr>  <tr>  <td valign=top>Parietaria foglie</td>  <td valign=top>g 0,083</td>  <td valign=top>g  0,128</td>  </tr>  <tr>  <td valign=top>Menta piperita  foglie</td>  <td valign=top>g 0,067</td> <td valign=top>g  0,102</td>  </tr>  <tr>  <td valign=top>Salsapariglia  radici</td>  <td valign=top>g 0,083</td>  <td valign=top>g  0,128</td>  </tr>  <tr>  <td valign=top>Anice stellato  frutti</td>  <td valign=top>g 0,033</td>  <td valign=top>g  0,052</td>  </tr>  <tr>  <td valign=top>Melissa sommit&agrave;</td>  <td valign=top>g 0,033</td>  <td valign=top>g  0,052</td>  </tr> </table></p>  <h3>Eccipienti</h3>  <p>Gramigna, guaiaco, issopo, parietaria, menta piperita, salsapariglia, anice stellato e melissa.</p>  <h3>Indicazioni terapeutiche</h3>  <p>Trattamento di breve durata della stitichezza occasionale.</p>  <h3>Posologia</h3>  <p>La dose corretta &egrave; quella minima sufficiente a produrre una facile evacuazione di feci molli. E&rsquo; consigliabile usare inizialmente le dosi minime previste. Quando necessario, la dose pu&ograve; essere aumentata, ma senza mai superare quella massima indicata. Assumere preferibilmente la sera. I lassativi devono essere usati il meno frequentemente possibile e per non pi&ugrave; di sette giorni. L&rsquo;uso per periodi di tempo maggiori richiede la prescrizione del medico dopo adeguata valutazione del singolo caso. Ingerire insieme ad una adeguata quantit&agrave; di acqua. Una dieta ricca di liquidi favorisce l&rsquo;effetto del medicinale. Prendere la tisana preparata secondo le modalit&agrave; sotto indicate: mettere in una tazza da t&egrave; 1 bustina da g 2 o 1-2 bustine da g 1,3 di Tisana Kelemata; versare sopra acqua bollente e lasciare in infusione per 10-15 minuti. Non superare le dosi consigliate.</p>  <h3>Controindicazioni</h3>  <p>Ipersensibilit&agrave; al principio attivo o ad uno qualsiasi degli eccipienti. I lassativi sono controindicati nei soggetti con dolore addominale acuto o di origine sconosciuta, nausea o vomito, ostruzione o stenosi intestinale, sanguinamento rettale di origine sconosciuta, grave stato di disidratazione. Generalmente controindicato durante la gravidanza e l&rsquo;allattamento (vedere p. 4.6). Controindicato nei bambini di et&agrave; inferiore a 10 anni.</p>  <h3>Avvertenze e precauzioni</h3>  <p><b>Avvertenze.</b> L&rsquo;abuso di lassativi (uso frequente o prolungato o con dosi eccessive)pu&ograve; causare diarrea persistente con conseguente perdita di acqua, sali minerali (specialmente potassio) e altri fattori nutritivi essenziali. Nei casi pi&ugrave; gravi &egrave; possibile l&rsquo;insorgenza di disidratazione o ipopotassiemia la quale pu&ograve; determinare disfunzioni cardiache o neuromuscolari, specialmente in caso di contemporaneo trattamento con glicosidi cardiaci, diuretici o corticosteroidi. L&rsquo;abuso di lassativi, specialmente quelli di contatto (lassativi stimolanti) pu&ograve; causare dipendenza (e, quindi, possibile necessit&agrave; di aumentare progressivamente il dosaggio), stitichezza cronica e perdita delle normali funzioni intestinali (atonia intestinale). <b>Precauzioni per l&rsquo;uso.</b> Nei bambini al di sotto dei 12 anni il medicinale pu&ograve; essere usato solo dopo aver consultato il medico. Il trattamento della stitichezza cronica o ricorrente richiede sempre l'intervento del medico per la diagnosi, la prescrizione dei farmaci e la sorveglianza nel corso della terapia. Consultare il medico quando la necessit&agrave; del lassativo deriva da un improvviso cambiamento delle precedenti abitudini intestinali (frequenza e caratteristiche delle evacuazioni) che duri da pi&ugrave; di due settimane o quando l'uso del lassativo non riesce a produrre effetti. E' inoltre opportuno che i soggetti anziani o in non buone condizioni di salute consultino il medico prima di usare il medicinale.</p>  <h3>Interazioni</h3>  <p>I lassativi possono ridurre il tempo di permanenza nell&rsquo;intestino, e, quindi, l&rsquo;assorbimento, di altri farmaci somministrati contemporaneamente per via orale. Evitare, quindi di ingerire contemporaneamente lassativi ed altri farmaci: dopo avere preso un medicinale lasciare trascorrere un intervallo di almeno due ore prima di prendere il lassativo. Il latte o gli antiacidi possono modificare l&rsquo;effetto del medicinale; lasciare trascorrere un intervallo di almeno un ora prima di prendere il lassativo.</p>  <h3>Gravidanza e allattamento</h3>  <p>Non esistono studi adeguati e ben controllati sull&rsquo;uso del medicinale in gravidanza o nell&rsquo;allattamento. Pertanto il medicinale deve essere usato solo in caso di necessit&agrave;, sotto il diretto controllo del medico, dopo aver valutato il beneficio atteso per la madre in rapporto al possibile rischio per il feto o per il lattante.</p>  <h3>Effetti sulla guida e sull'uso di macchinari</h3>  <p>Nessuno.</p>  <h3>Effetti indesiderati</h3>  <p>Occasionalmente: dolori crampiformi isolati o coliche addominali, pi&ugrave; frequenti nei casi di stitichezza grave. Con l&rsquo;uso del prodotto, le urine talvolta si colorano leggermente in giallo-bruno o rosso. Tale colorazione &egrave; semplicemente dovuta alla presenza nelle urine di componenti della senna e non &egrave; clinicamente significativa.</p>  <h3>Sovradosaggio</h3>  <p>Dosi eccessive possono causare dolori addominali e diarrea; le conseguenti perdite di liquidi ed elettroliti devono essere rimpiazzate. Vedere inoltre quanto riportato nel paragrafo &ldquo;Speciali avvertenze e precauzioni per l&rsquo;uso&rdquo; circa l&rsquo;abuso di lassativi.</p>  <h3>Conservazione</h3>  <p>Conservare il prodotto al di sotto dei 30&deg;C.</p>",TISANA KELEMATA,1,1,4,9.18,,,,Taxable Goods,1,1,223,000367072,2759,tisana-kelemata-000367072
000444063,default,Default,simple,54,base,Vegetallumina gel 40g,Vegetallumina*gel 40g,Vegetallumina*gel 40g,1,1,4,7.38,,,,Taxable Goods,0,0,224,000444063,2759,vegetallumina-gel-40g-000444063
000550057,default,Default,simple,54,base,Tiroide Vister deb 30cpr Riv10,Tiroide Vister*deb 30cpr Riv10,Tiroide Vister*deb 30cpr Riv10,1,1,4,6.02,,,,Taxable Goods,1,1,5281,000550057,2759,tiroide-vister-deb-30cpr-riv10-000550057
000590036,default,Default,simple,54,base,"Rinazina bb Gtt 10ml 0,025%","Rinazina*bb Gtt 10ml 0,025%","Rinazina*bb Gtt 10ml 0,025%",1,1,4,4.86,,,,Taxable Goods,0,0,226,000590036,2759,rinazina-bb-gtt-10ml-0-025-000590036
000590051,default,Default,simple,54,base,RINAZINA 1 MG/ML,"<h3>Denominazione</h3>  <p>RINAZINA 1 MG/ML</p>  <h3>Principi attivi</h3>  <p>1 ml di soluzione contiene: Principio attivo: nafazolina nitrato 1 mg <u>Eccipienti con effetti noti</u>: benzalconio cloruro Per l&rsquo;elenco completo degli eccipienti, vedere paragrafo 6.1.</p>  <h3>Eccipienti</h3>  <p>RINAZINA 1 mg/ml gocce nasali, soluzione: sodio cloruro, disodio edetato, sodio fosfato monobasico diidrato, acido fosforico concentrato, <b>benzalconio cloruro</b>, acqua depurata. RINAZINA 1 mg/ml spray nasale, soluzione: sodio cloruro, disodio edetato, sodio fosfato monobasico diidrato, acido fosforico concentrato, <b>benzalconio cloruro</b>, aroma balsamico, acqua depurata.</p>  <h3>Indicazioni terapeutiche</h3>  <p>Decongestionante nasale in corso di riniti e faringiti acute catarrali, di riniti allergiche, di sinusiti acute.</p>  <h3>Posologia</h3>  <p><b>Gocce nasali:</b> Adulti: 2-3 gocce in ciascuna narice, 2-3 volte al giorno <b>Spray nasale:</b> Adulti: 1-2 nebulizzazioni in ciascuna narice, 2-3 volte al giorno. <i>Popolazione Pediatrica</i>: Il medicinale &egrave; controindicato nei bambini di et&agrave; inferiore ai 12 anni (vedere paragrafo 4.3). Attenersi scrupolosamente alle dosi consigliate. Un dosaggio superiore del prodotto anche se assunto per via topica e per breve periodo di tempo pu&ograve; dar luogo ad effetti sistemici gravi. In assenza di risposta terapeutica completa entro pochi giorni, consultare il medico; in ogni caso, il trattamento non deve essere protratto per oltre una settimana.</p>  <h3>Controindicazioni</h3>  <p>Ipersensibilit&agrave; al principio attivo o ad uno qualsiasi degli eccipienti elencati al paragrafo 6.1. Malattie cardiache ed ipertensione arteriosa gravi. Glaucoma. Ipertiroidismo. <b> <u>Il medicinale &egrave; controindicato nei bambini di et&agrave; inferiore ai 12 anni.</u> </b> Non somministrare durante e nelle due settimane successive a terapia con farmaci antidepressivi.</p>  <h3>Avvertenze e precauzioni</h3>  <p>Impiegare con cautela negli anziani e nei portatori di ipertrofia prostatica per il pericolo di ritenzione urinaria. Nei pazienti con malattie cardiovascolari, specialmente negli ipertesi, l'uso dei decongestionanti nasali deve essere comunque di volta in volta sottoposto al giudizio del medico. L'uso protratto di vasocostrittori pu&ograve; alterare la normale funzione della mucosa del naso e dei seni paranasali inducendo anche assuefazione al farmaco. Il ripetere le applicazioni per un lungo periodo di tempo pu&ograve; risultare dannoso. RINAZINA gocce nasali e spray nasale contengono 0,1 mg/ml di benzalconio cloruro. Benzalconio cloruro (BAC) contenuto come conservante in RINAZINA gocce nasali e spray nasale pu&ograve; provocare irritazione e un rigonfiamento della mucosa nasale, specialmente se usato per lunghi periodi. Se si sospetta tale reazione (congestione nasale persistente), deve essere usato, se possibile, un medicinale per uso nasale senza BAC. Se tali medicinali per uso nasale senza BAC non fossero disponibili, dovr&agrave; essere considerata un&rsquo;altra forma farmaceutica. Pu&ograve; causare broncospasmo. L'uso, specie se prolungato, dei prodotti topici pu&ograve; dare luogo a fenomeni di sensibilizzazione; in tal caso &egrave; necessario interrompere il trattamento e, se del caso, istituire una terapia idonea. Con l&rsquo;uso di farmaci simpaticomimetici, ai quali appartiene anche la nafazolina, sono stati riportati rari casi di encefalopatia posteriore reversibile/sindrome reversibile da vasocostrizione cerebrale. I sintomi riferiti comprendono insorgenza improvvisa di cefalea grave, nausea, vomito e disturbi della visione. La maggior parte dei casi migliora o si risolve in pochi giorni in seguito a trattamento appropriato. L&rsquo;uso della nafazolina deve essere immediatamente interrotto e deve essere consultato il medico se si manifestano segni e/o sintomi di encefalopatia posteriore reversibile/sindrome reversibile da vasocostrizione cerebrale.</p>  <h3>Interazioni</h3>  <p>Il farmaco pu&ograve; interagire con farmaci antidepressivi.</p>  <h3>Gravidanza e allattamento</h3>  <p>In gravidanza e nell&rsquo;allattamento, RINAZINA deve essere usata solo dopo aver consultato il medico e aver valutato con lui il rapporto rischio/beneficio nel proprio caso.</p>  <h3>Effetti sulla guida e sull'uso di macchinari</h3>  <p>Non sono noti effetti indesiderati sulla capacit&agrave; di guidare veicoli o sull'uso di macchinari.</p>  <h3>Effetti indesiderati</h3>  <p>Il prodotto pu&ograve; determinare localmente fenomeni di rimbalzo di sensibilizzazione e congestione delle mucose. Per rapido assorbimento della nafazolina attraverso le mucose infiammate, si possono verificare effetti sistemici consistenti in ipertensione arteriosa, bradicardia riflessa, cefalea, disturbi della minzione. <u>Segnalazione delle reazioni avverse sospette</u> La segnalazione delle reazioni avverse sospette che si verificano dopo l&rsquo;autorizzazione del medicinale &egrave; importante, in quanto permette un monitoraggio continuo del rapporto beneficio/rischio del medicinale. Agli operatori sanitari &egrave; richiesto di segnalare qualsiasi reazione avversa sospetta tramite il sistema nazionale di segnalazione all&rsquo;indirizzo https://www.aifa.gov.it/content/segnalazioni-reazioni-avverse.</p>  <h3>Sovradosaggio</h3>  <p>Il prodotto, se accidentalmente ingerito o se impiegato per lungo periodo a dosi eccessive, pu&ograve; determinare fenomeni tossici. Esso va tenuto lontano dalla portata dei bambini poich&eacute; l'ingestione accidentale pu&ograve; provocare sedazione spiccata. In caso di sovradosaggio pu&ograve; comparire ipertensione arteriosa, tachicardia, fotofobia, cefalea intensa, oppressione toracica e, nei bambini, ipotermia e grave depressione del Sistema Nervoso Centrale con spiccata sedazione, che richiedono l'adozione di adeguate misure d'urgenza.</p>  <h3>Conservazione</h3>  <p><i>RINAZINA 1 mg/ml spray nasale, soluzione:</i> Questo medicinale non richiede alcuna condizione particolare di conservazione. <i>RINAZINA 1 mg/ml gocce nasali, soluzione</i>: Conservare a temperatura inferiore a 25&deg;C. Conservare in posizione verticale.</p>",RINAZINA 1 MG/ML,1,1,4,10.22,,,,Taxable Goods,20,1,3999,000590051,2759,rinazina-1-mg-ml-000590051
000850127,default,Default,simple,54,base,Betotal scir Fl 100g,Betotal*scir Fl 100g,Betotal*scir Fl 100g,1,1,4,6.57,,,,Taxable Goods,0,0,227,000850127,2759,betotal-scir-fl-100g-000850127
000872034,default,Default,simple,54,base,Rinovit dos Basso Gtt Rino30ml,Rinovit*dos Basso Gtt Rino30ml,Rinovit*dos Basso Gtt Rino30ml,1,1,4,3.80,,,,Taxable Goods,0,0,222,000872034,2759,rinovit-dos-basso-gtt-rino30ml-000872034
000872046,default,Default,simple,54,base,Rinovit dos Basso Ung Rinol 8g,Rinovit*dos Basso Ung Rinol 8g,Rinovit*dos Basso Ung Rinol 8g,1,1,4,3.02,,,,Taxable Goods,0,0,222,000872046,2759,rinovit-dos-basso-ung-rinol-8g-000872046
001042023,default,Default,simple,54,base,Valeriana Alfa 30cpr Riv 100mg,Valeriana Alfa*30cpr Riv 100mg,Valeriana Alfa*30cpr Riv 100mg,1,1,4,7.83,,,,Taxable Goods,0,0,229,001042023,2759,valeriana-alfa-30cpr-riv-100mg-001042023
001063066,default,Default,simple,54,base,Balsamo Sifcamina pom 50g,Balsamo Sifcamina*pom 50g,Balsamo Sifcamina*pom 50g,1,1,4,8.11,,,,Taxable Goods,0,0,5281,001063066,2759,balsamo-sifcamina-pom-50g-001063066
001063078,default,Default,simple,54,base,"Balsamo Sifcamina spray 34,5g","Balsamo Sifcamina*spray 34,5g","Balsamo Sifcamina*spray 34,5g",1,1,4,11.69,,,,Taxable Goods,0,0,5281,001063078,2759,balsamo-sifcamina-spray-34-5g-001063078
001063080,default,Default,simple,54,base,Balsamo Sifcamina gel 40g,Balsamo Sifcamina*gel 40g,Balsamo Sifcamina*gel 40g,1,1,4,8.11,,,,Taxable Goods,0,0,5281,001063080,2759,balsamo-sifcamina-gel-40g-001063080
001250012,default,Default,simple,54,base,Hepatos scir Fl 200g,Hepatos*scir Fl 200g,Hepatos*scir Fl 200g,1,1,4,7.01,,,,Taxable Goods,0,0,5281,001250012,2759,hepatos-scir-fl-200g-001250012
001250024,default,Default,simple,54,base,Hepatos B12 scir 175g,Hepatos B12*scir 175g,Hepatos B12*scir 175g,1,1,4,6.82,,,,Taxable Goods,0,0,5281,001250024,2759,hepatos-b12-scir-175g-001250024
001266067,default,Default,simple,54,base,Vitporphyrin Ii im 10f+10f 2ml,Vitporphyrin Ii*im 10f+10f 2ml,Vitporphyrin Ii*im 10f+10f 2ml,1,1,4,6.04,,,,Taxable Goods,0,0,5281,001266067,2759,vitporphyrin-ii-im-10f-10f-2ml-001266067
001328018,default,Default,simple,54,base,Bepanten 20cpr 100mg,Bepanten*20cpr 100mg,Bepanten*20cpr 100mg,1,1,4,7.38,,,,Taxable Goods,0,0,221,001328018,2759,bepanten-20cpr-100mg-001328018
001328020,default,Default,simple,54,base,Bepamedin ev Im 3f 500mg 2ml,Bepamedin*ev Im 3f 500mg 2ml,Bepamedin*ev Im 3f 500mg 2ml,1,1,4,6.81,,,,Taxable Goods,3,1,221,001328020,2759,bepamedin-ev-im-3f-500mg-2ml-001328020
001340052,default,Default,simple,54,base,Benadon im Iv 6f 2ml 300mg,Benadon*im Iv 6f 2ml 300mg,Benadon*im Iv 6f 2ml 300mg,1,1,4,3.43,,,,Taxable Goods,0,0,221,001340052,2759,benadon-im-iv-6f-2ml-300mg-001340052
001363074,default,Default,simple,54,base,Aspro 500 20cpr 500mg,Aspro 500*20cpr 500mg,Aspro 500*20cpr 500mg,1,1,4,3.64,,,,Taxable Goods,0,0,221,001363074,2759,aspro-500-20cpr-500mg-001363074
001569058,default,Default,simple,54,base,Drin 20cpr,Drin*20cpr,Drin*20cpr,1,1,4,4.50,,,,Taxable Goods,0,0,370,001569058,2759,drin-20cpr-001569058
001738020,default,Default,simple,54,base,Adisterolo im Os 2f 1ml,Adisterolo*im Os 2f 1ml,Adisterolo*im Os 2f 1ml,1,1,4,3.90,,,,Taxable Goods,0,0,3011,001738020,2759,adisterolo-im-os-2f-1ml-001738020
001738032,default,Default,simple,54,base,Adisterolo im Os 10f 1ml,Adisterolo*im Os 10f 1ml,Adisterolo*im Os 10f 1ml,1,1,4,4.16,,,,Taxable Goods,0,0,3011,001738032,2759,adisterolo-im-os-10f-1ml-001738032
001738057,default,Default,simple,54,base,Adisterolo os Gtt Fl 10ml,Adisterolo*os Gtt Fl 10ml,Adisterolo*os Gtt Fl 10ml,1,1,4,4.52,,,,Taxable Goods,0,0,3011,001738057,2759,adisterolo-os-gtt-fl-10ml-001738057
001738119,default,Default,simple,54,base,Adisterolo im Os 6f 1ml,Adisterolo*im Os 6f 1ml,Adisterolo*im Os 6f 1ml,1,1,4,3.22,,,,Taxable Goods,0,0,3011,001738119,2759,adisterolo-im-os-6f-1ml-001738119
001740063,default,Default,simple,54,base,ALLERGAN 2G/100 G CREMA,"<h3>Denominazione</h3>  <p>ALLERGAN 2G/100 G CREMA</p>  <h3>Principi attivi</h3>  <p>100g di crema contengono: Principio attivo: Difenidramina cloridrato g. 2 Eccipienti con effetto noto: lanolina, metile p-idrossibenzoato (E218), propile p-idrossibenzoato (E216). <i>Per gli eccipienti vedi 6.1</i>.</p>  <h3>Eccipienti</h3>  <p>Acido stearico, glicerina, lanolina, trietanolammina, metile p-idrossibenzoato (E218), propile p-idrossibenzoato (E216), acqua distillata.</p>  <h3>Indicazioni terapeutiche</h3>  <p>Trattamento sintomatico locale di dermatiti pruriginose, eritema solare, punture di insetti.</p>  <h3>Posologia</h3>  <p>Spalmare un sottile strato sulla parte interessata, 2 o 3 volte al giorno. Non superare le dosi consigliate.</p>  <h3>Controindicazioni</h3>  <p>Ipersensibilit&agrave; nota verso i componenti e verso altri antistaminici di analoga struttura chimica. Bambini al di sotto dei 2 anni.</p>  <h3>Avvertenze e precauzioni</h3>  <p>Non utilizzare con bendaggio occlusivo. L'impiego del prodotto, specie se prolungato, pu&ograve; dare origine a fenomeni di sensibilizzazione; ove ci&ograve; si verifichi interrompere il trattamento e consultare il medico. Applicare la crema su zone ridotte della pelle. ALLERGAN Crema non va applicato su zone della pelle con vesciche, su piaghe vive e superfici in via di cicatrizzazione. Evitare il contatto con gli occhi o altre membrane mucose. Nel caso di eritema solare non esporre successivamente la pelle al sole. Se dopo un breve periodo di trattamento non si notasse alcun miglioramento o se si manifestassero eruzioni cutanee, fenomeni di irritazioni e bruciori, sospendere il trattamento e rivolgersi al medico. Non utilizzare il medicinale dopo la data di scadenza indicata sulla confezione. Tenere il medicinale fuori dalla portata dei bambini. <b>Informazioni importanti su alcuni eccipienti</b> Questo medicinale contiene: &bull; lanolina: pu&ograve; causare reazioni cutanee locali (ad es. dermatite da contatto). &bull; metile p-idrossibenzoato (E218) e propile p-idrossibenzoato (E216): possono causare reazioni allergiche (anche ritardate).</p>  <h3>Interazioni</h3>  <p>Nessuna nota.</p>  <h3>Gravidanza e allattamento</h3>  <p>Nelle donne in stato di gravidanza e durante l'allattamento il prodotto va usato solo in caso di effettiva necessit&agrave; e sotto il diretto controllo del medico.</p>  <h3>Effetti sulla guida e sull'uso di macchinari</h3>  <p>Non pertinente.</p>  <h3>Effetti indesiderati</h3>  <p>Sono stati riscontrati bruciore, eruzioni cutanee, reazioni di fotosensibilit&agrave;. <b> <u>Segnalazione di reazioni avverse sospette</u> </b> La segnalazione delle reazioni avverse sospette che si verificano dopo l&rsquo;autorizzazione del medicinale &egrave; importante, in quanto permette un monitoraggio continuo del rapporto beneficio/rischio del medicinale. Agli operatori sanitari &egrave; richiesto di segnalare qualsiasi reazione avversa sospetta tramite il sistema nazionale di segnalazione all&rsquo;indirizzo https://www.aifa.gov.it/content/segnalazioni-reazioni-avverse</p>  <h3>Sovradosaggio</h3>  <p>Non segnalati fenomeni di iperdosaggio. Eventualmente, adottare terapia sintomatica.</p>  <h3>Conservazione</h3>  <p>Nessuna.</p>",ALLERGAN 2G/100 G CREMA,1,1,4,9.45,,,,Taxable Goods,2,1,232,001740063,2759,allergan-2g-100-g-crema-001740063
001802026,default,Default,simple,54,base,Goccemed collut 30ml 5g/100ml,Goccemed*collut 30ml 5g/100ml,Goccemed*collut 30ml 5g/100ml,1,1,4,7.85,,,,Taxable Goods,0,0,233,001802026,2759,goccemed-collut-30ml-5g-100ml-001802026
002021018,default,Default,simple,54,base,"Tefamin im 10f 1,5ml 0,24g","Tefamin*im 10f 1,5ml 0,24g","Tefamin*im 10f 1,5ml 0,24g",1,1,4,3.43,,,,Taxable Goods,0,0,235,002021018,2759,tefamin-im-10f-1-5ml-0-24g-002021018
002021032,default,Default,simple,54,base,Tefamin iv 5f 10ml 240mg/10ml,Tefamin*iv 5f 10ml 240mg/10ml,Tefamin*iv 5f 10ml 240mg/10ml,1,1,4,2.11,,,,Taxable Goods,0,0,235,002021032,2759,tefamin-iv-5f-10ml-240mg-10ml-002021032
002021044,default,Default,simple,54,base,Tefamin 30cpr Riv 200mg,Tefamin*30cpr Riv 200mg,Tefamin*30cpr Riv 200mg,1,1,4,1.90,,,,Taxable Goods,0,0,235,002021044,2759,tefamin-30cpr-riv-200mg-002021044
002021069,default,Default,simple,54,base,"Tefamin scir 200ml 1,58g/100ml","Tefamin*scir 200ml 1,58g/100ml","Tefamin*scir 200ml 1,58g/100ml",1,1,4,1.59,,,,Taxable Goods,0,0,235,002021069,2759,tefamin-scir-200ml-1-58g-100ml-002021069
002039028,default,Default,simple,54,base,Aureomicina ad 16cps 250mg,Aureomicina*ad 16cps 250mg,Aureomicina*ad 16cps 250mg,1,1,4,1.50,,,,Taxable Goods,0,0,257,002039028,2759,aureomicina-ad-16cps-250mg-002039028
002039042,default,Default,simple,54,base,"Aureomicina crema Oft 3,5g","Aureomicina*crema Oft 3,5g","Aureomicina*crema Oft 3,5g",1,1,4,2.24,,,,Taxable Goods,0,0,257,002039042,2759,aureomicina-crema-oft-3-5g-002039042
002039055,default,Default,simple,54,base,"Aureomicina ung Derm 3% 14,2g","Aureomicina*ung Derm 3% 14,2g","Aureomicina*ung Derm 3% 14,2g",1,1,4,5.98,,,,Taxable Goods,3,1,712,002039055,2759,aureomicina-ung-derm-3-14-2g-002039055
002089151,default,Default,simple,54,base,Arscolloid gengivario Fl 20g,Arscolloid*gengivario Fl 20g,Arscolloid*gengivario Fl 20g,1,1,4,6.21,,,,Taxable Goods,0,0,222,002089151,2759,arscolloid-gengivario-fl-20g-002089151
002089175,default,Default,simple,54,base,Arscolloid collut 30g,Arscolloid*collut 30g,Arscolloid*collut 30g,1,1,4,6.21,,,,Taxable Goods,0,0,222,002089175,2759,arscolloid-collut-30g-002089175
002089187,default,Default,simple,54,base,Arscolloid concentrato Fl 10g,Arscolloid*concentrato Fl 10g,Arscolloid*concentrato Fl 10g,1,1,4,6.21,,,,Taxable Goods,0,0,222,002089187,2759,arscolloid-concentrato-fl-10g-002089187
002129017,default,Default,simple,54,base,Dintoina 30cpr Riv 100mg,Dintoina*30cpr Riv 100mg,Dintoina*30cpr Riv 100mg,1,1,4,0.97,,,,Taxable Goods,0,0,222,002129017,2759,dintoina-30cpr-riv-100mg-002129017
002177018,default,Default,simple,54,base,"Pensulvit ung Oft 6,5g","Pensulvit*ung Oft 6,5g","Pensulvit*ung Oft 6,5g",1,1,4,7.23,,,,Taxable Goods,5,1,5276,002177018,2759,pensulvit-ung-oft-6-5g-002177018
002238044,default,Default,simple,54,base,"Anatetall iniet 1sir 0,5ml40ui","Anatetall*iniet 1sir 0,5ml40ui","Anatetall*iniet 1sir 0,5ml40ui",1,1,4,4.80,,,,Taxable Goods,0,0,669,002238044,2759,anatetall-iniet-1sir-0-5ml40ui-002238044
002258010,default,Default,simple,54,base,Emopon 12 os 10fl 5ml,Emopon 12*os 10fl 5ml,Emopon 12*os 10fl 5ml,1,1,4,6.86,,,,Taxable Goods,0,0,438,002258010,2759,emopon-12-os-10fl-5ml-002258010
002258022,default,Default,simple,54,base,Emopon 12 os 30fl 5ml,Emopon 12*os 30fl 5ml,Emopon 12*os 30fl 5ml,1,1,4,12.90,,,,Taxable Goods,0,0,438,002258022,2759,emopon-12-os-30fl-5ml-002258022
002309033,default,Default,simple,54,base,Folina im 5f 2ml 15mg,Folina*im 5f 2ml 15mg,Folina*im 5f 2ml 15mg,1,1,4,4.02,,,,Taxable Goods,1,1,5281,002309033,2759,folina-im-5f-2ml-15mg-002309033
002309045,default,Default,simple,54,base,Folina 20cps Molli 5mg,Folina*20cps Molli 5mg,Folina*20cps Molli 5mg,1,1,4,1.69,,,,Taxable Goods,3,1,5281,002309045,2759,folina-20cps-molli-5mg-002309045
002309058,default,Default,simple,54,base,Folina 60cps Molli 5mg,Folina*60cps Molli 5mg,Folina*60cps Molli 5mg,1,1,4,3.61,,,,Taxable Goods,13,1,5281,002309058,2759,folina-60cps-molli-5mg-002309058
002309060,default,Default,simple,54,base,Folina 28cps Molli 5mg,Folina*28cps Molli 5mg,Folina*28cps Molli 5mg,1,1,4,2.33,,,,Taxable Goods,9,1,5281,002309060,2759,folina-28cps-molli-5mg-002309060
002309072,default,Default,simple,54,base,Folina 120cps Molli 5mg,Folina*120cps Molli 5mg,Folina*120cps Molli 5mg,1,1,4,5.84,,,,Taxable Goods,4,1,5281,002309072,2759,folina-120cps-molli-5mg-002309072
002427274,default,Default,simple,54,base,AMARO MEDICINALE GIULIANI SOLUZIONE ORALE,"<h3>Denominazione</h3>  <p>AMARO MEDICINALE GIULIANI SOLUZIONE ORALE</p>  <h3>Principi attivi</h3>  <p>100 g di soluzione contengono: <u>Principi attivi</u>: Rabarbaro estratto molle 356 mg Cascara estratto secco 121 mg Genziana estratto molle 111 mg Boldo estratto molle 100 mg Eccipienti con effetti noti: paraidrossibenzoati, alcool etilico, saccarosio, sodio Per l&rsquo;elenco completo degli eccipienti, vedere paragrafo 6.1.</p>  <h3>Eccipienti</h3>  <p>Aromi naturali, Glicerina, Caramello, Sodio bicarbonato, Esteri dell&rsquo;acido p&ndash;idrossi&ndash;benzoico sale sodico, Alcool, Essenze, Saccarosio, Acqua.</p>  <h3>Indicazioni terapeutiche</h3>  <p>AMARO MEDICINALE GIULIANI &egrave; utilizzato in adulti e bambini (al di sopra dei 10 anni d&rsquo;et&agrave;) in caso di: &bull; Difficolt&agrave; digestive (quali senso di pesantezza allo stomaco, sonnolenza dopo i pasti). &bull; Mancanza di appetito. &bull; Trattamento di breve durata della stitichezza occasionale.</p>  <h3>Posologia</h3>  <p><u>Posologia </u> <b> <i>Adulti </i> </b> <i> <u>Per favorire la digestione, stimolando la funzione biliare: </u> </i> &bull; nel caso di AMARO MEDICINALE GIULIANI in flacone: un bicchiere dosatore (pari a 20 ml, misurabili con il dosatore incluso) dopo i due pasti principali, &bull; nel caso di AMARO MEDICINALE GIULIANI in flaconcino: un flaconcino monodose dopo i due pasti principali. <i> <u>Per stimolare l&rsquo;appetito: </u> </i> &bull; nel caso di AMARO MEDICINALE GIULIANI in flacone: un bicchiere dosatore (pari a 20 ml, misurabili con il dosatore incluso) prima dei due pasti principali, &bull; nel caso di AMARO MEDICINALE GIULIANI in flaconcino: un flaconcino monodose, prima dei due pasti principali. <i> <u>Come lassativo: </u> </i> &bull; nel caso di AMARO MEDICINALE GIULIANI in flacone: 1&ndash;2 bicchieri dosatori (pari a 20&ndash;40 ml, misurabili con il dosatore incluso la sera, prima di coricarsi, &bull; nel caso di AMARO MEDICINALE GIULIANI in flaconcino: 1&ndash;2 flaconcini monodose, preferibilmente la sera, prima di coricarsi. I lassativi devono essere usati il meno frequentemente possibile e per non pi&ugrave; di 7 giorni. L&rsquo;uso per periodi di tempo maggiori richiede la prescrizione del medico, dopo adeguata valutazione del singolo caso. <b> <i> <u>Popolazione pediatrica </u> </i> </b> L&rsquo;uso di AMARO MEDICINALE GIULIANI nei bambini di et&agrave; superiore a 10 anni prevede che le dosi siano dimezzate e che il prodotto sia diluito in acqua. La dose corretta &egrave; quella minima sufficiente a produrre una evacuazione di feci molli.E&rsquo; consigliabile usare inizialmente le dosi minime previste. Quando necessario, la dose pu&ograve; essere poi aumentata, ma senza mai superare quella massima indicata. Modo di somministrazione AMARO MEDICINALE GIULIANI pu&ograve; essere preso come tale o diluito in acqua. In ogni caso, ingerire il medicinale insieme ad una adeguata quantit&agrave; di acqua (un bicchiere abbondante). Una dieta ricca di liquidi favorisce l&rsquo;effetto del medicinale.</p>  <h3>Controindicazioni</h3>  <p>Ipersensibilit&agrave; ai principi attivi o ad uno qualsiasi degli altri componenti di questo medicinale elencati al paragrafo 6.1. I lassativi sono controindicati nei soggetti con dolore addominale acuto o di origine sconosciuta, nausea o vomito, ostruzione o stenosi intestinale, sanguinamento rettale di origine sconosciuta, grave stato di disidratazione.</p>  <h3>Avvertenze e precauzioni</h3>  <p>L&rsquo;abuso di lassativi (uso frequente o prolungato o con dosi eccessive) pu&ograve; causare diarrea persistente con conseguente perdita di acqua, sali minerali (specialmente potassio) e altri fattori nutritivi essenziali. Nei casi pi&ugrave; gravi &egrave; possibile l&rsquo;insorgenza di disidratazione o ipopotassiemia la quale pu&ograve; determinare disfunzioni cardiache o neuromuscolari, specialmente in caso di contemporaneo trattamento con glicosidi cardiaci, diuretici o corticosteroidi. L&rsquo;abuso di lassativi, specialmente quelli di contatto (lassativi stimolanti), pu&ograve; causare dipendenza (e, quindi, possibile necessit&agrave; di aumentare progressivamente il dosaggio), stitichezza cronica e perdita delle normali funzioni intestinali (atonia intestinale). Se gli episodi di stitichezza si presentano ripetutamente deve essere consultato il medico. Il trattamento della stitichezza cronica o ricorrente richiede sempre l&rsquo;intervento del medico per la diagnosi, la prescrizione dei farmaci e la sorveglianza nel corso della terapia. Consultare il medico quando la necessit&agrave; del lassativo deriva da un improvviso cambiamento delle precedenti abitudini intestinali (frequenza e caratteristiche delle evacuazioni) che duri da pi&ugrave; di due settimane o quando l&rsquo;uso del lassativo non riesce a produrre effetti. E&rsquo; inoltre opportuno che i soggetti anziani o in non buone condizioni di salute consultino il medico prima di usare il medicinale. <i>Popolazione pediatrica </i> Nei bambini al di sotto dei 10 anni il medicinale pu&ograve; essere usato solo dopo aver consultato il medico. <u>Informazioni importanti su alcuni eccipienti </u> Il prodotto contiene saccarosio, di ci&ograve; si tenga conto in caso di diabete o di diete ipocaloriche. I pazienti affetti da rari problemi ereditari di intolleranza al fruttosio, da malassorbimento di glucosio&ndash;galattosio, o da insufficienza di sucrasi isomaltasi, non devono assumere questo medicinale. Il prodotto contiene paraidrossibenzoati. Pu&ograve; causare reazioni allergiche (anche ritardate). Questo medicinale contiene 10 vol % di etanolo (alcool), cio&egrave; fino a 1,5 g di alcool per dose, equivalenti a 38 ml di birra o 16 ml di vino per dose. Pu&ograve; essere dannoso per gli alcolisti. Da tenere in considerazione per le donne in gravidanza o in allattamento, nei bambini e nei gruppi ad alto rischio come le persone affette da patologie epatiche (in particolare per quelli affetti da etilismo cronico) o epilessia. Questo medicinale contiene 1,12 mmol di <b>sodio </b>per dose (nel caso dei flaconcini 1,06 mmol per dose). Da tenere in considerazione in persone con ridotta funzionalit&agrave; renale o che seguono una dieta a basso contenuto di sodio.</p>  <h3>Interazioni</h3>  <p>I lassativi possono ridurre il tempo di permanenza nell&rsquo;intestino, e quindi l&rsquo;assorbimento, di altri farmaci somministrati contemporaneamente per via orale. Evitare quindi di ingerire contemporaneamente lassativi ed altri farmaci: dopo aver preso un medicinale lasciare trascorrere un intervallo di almeno 2 ore prima di prendere il lassativo. Il latte o gli antiacidi possono m&ndash;odificare l&rsquo;effetto del medicinale; lasciare trascorrere un intervallo di almeno 1 ora prima di prendere il lassativo.</p>  <h3>Gravidanza e allattamento</h3>  <p>Non esistono studi adeguati e ben controllati sull&rsquo;uso del medicinale in gravidanza o nell&rsquo;allattamento. Pertanto il medicinale deve essere usato solo in caso di necessit&agrave;, sotto il diretto controllo del medico, dopo aver valutato il beneficio atteso per la madre in rapporto al possibile rischio per il feto o per il lattante.</p>  <h3>Effetti sulla guida e sull'uso di macchinari</h3>  <p>AMARO MEDICINALE GIULIANI non altera o altera in modo trascurabile la capacit&agrave; di guidare veicoli o di usare macchinari.</p>  <h3>Effetti indesiderati</h3>  <p>Occasionalmente: dolori crampiformi isolati o coliche addominali, pi&ugrave; frequenti nei casi di stitichezza grave. <b>Segnalazione delle reazioni avverse sospette </b> La segnalazione delle reazioni avverse sospette che si verificano dopo l&rsquo;autorizzazione del medicinale &egrave; importante, in quanto permette il monitoraggio continuo del rapporto beneficio/rischio del medicinale. Agli operatori sanitari &egrave; richiesto di segnalare qualsiasi reazione avversa sospetta tramite il sistema nazionale di segnalazione del sito: http://www.agenziafarmaco.gov.it/it/responsabili</p>  <h3>Sovradosaggio</h3>  <p>Dosi eccessive possono causare dolori addominali e diarrea; le conseguenti perdite di liquidi ed elettroliti devono essere rimpiazzate. Vedere inoltre quanto riportato nel paragrafo ""<b> <i>Avvertenze speciali e precauzioni d&rsquo;impiego"" </i> </b>circa l&rsquo;abuso di lassativi.</p>  <h3>Conservazione</h3>  <p>Nessuna speciale precauzione per la conservazione. Per le condizioni di conservazione dopo la prima apertura vedere paragrafo 6.3.</p>",AMARO MEDICINALE GIULIANI SOLUZIONE ORALE,1,1,4,6.66,,,,Taxable Goods,0,0,5271,002427274,2759,amaro-medicinale-giuliani-soluzione-orale-002427274
002516060,default,Default,simple,54,base,REACTIFARGAN,"<h3>Denominazione</h3>  <p>REACTIFARGAN</p>  <h3>Principi attivi</h3>  <p>Principio attivo: prometazina 2,00 g Eccipienti con effetti noti: metil-para-idrossibenzoato, propile-para-idrossibenzoato, D-limonene, geraniolo, linalolo e idrossitoluene butilato. Per l&rsquo;elenco completo degli eccipienti, vedere paragrafo 6.1.</p>  <h3>Eccipienti</h3>  <p>Poliacrilamide isoparaffin laureth-7, octil metossicinnamato, metil-para-idrossibenzoato, propilepara-idrossibenzoato, olio composto di lavanda, acqua depurata.</p>  <h3>Indicazioni terapeutiche</h3>  <p>Trattamento sintomatico locale per punture d&rsquo;insetto e altri fenomeni irritativi cutanei localizzati quali rossore, bruciore, prurito ed eritema solare.</p>  <h3>Posologia</h3>  <p><u>Posologia</u> Applicare 3-4 volte al giorno. Non superare il numero raccomandato di applicazioni giornaliere. Evitare l&rsquo;applicazione su aree molto estese del corpo. <u>Modo di somministrazione</u> Uso topico.</p>  <h3>Controindicazioni</h3>  <p>Ipersensibilit&agrave; al principio attivo o ad uno qualsiasi degli eccipienti. Eczemi Lesioni secernenti. Bambini di et&agrave; inferiore ai 2 anni.</p>  <h3>Avvertenze e precauzioni</h3>  <p>L&rsquo;uso prolungato ed incongruo del prodotto pu&ograve; dare origine a fenomeni di sensibilizzazione allergica con conseguente peggioramento della sintomatologia. Nel caso ci&ograve; si verificasse, occorre sospendere il trattamento e rivalutare la situazione. Se applicato su aree molto estese della cute REACTIFARGAN pu&ograve; causare sonnolenza (vedere paragrafo 4.7). Dato che l&rsquo;applicazione del REACTIFARGAN pu&ograve; ritardare il processo di cicatrizzazione, non deve essere usato pi&ugrave; di 3-4 giorni consecutivi su lesioni nelle quali &egrave; in atto tale fenomeno. Nel caso di eritema solare, applicare il prodotto ed evitare l&rsquo;ulteriore esposizione al sole della cute irritata. Qualora si manifestassero eruzioni cutanee, fenomeni di irritazione e bruciore, il trattamento va sospeso. <b>Informazioni importanti su alcuni eccipienti</b> REACTIFARGAN contiene <b>metile p-idrossibenzoato</b> e <b>propile p-idrossibenzoato</b> che possono causare reazioni allergiche (anche ritardate). REACTIFARGAN contiene olio di lavanda, fragranza a sua volta contenente D-Limonene, geraniolo e linalolo che possono causare reazioni allergiche; REACTIFARGAN contiene octil metossicinnamato a sua volta contenente idrossitoluene butilato che pu&ograve; causare reazioni cutanee localizzate (ad es. dermatite da contatto) o irritazione agli occhi e alle mucose.</p>  <h3>Interazioni</h3>  <p>Non note.</p>  <h3>Gravidanza e allattamento</h3>  <p>Non sono disponibili dati clinici per il rischio in gravidanza e durante l&rsquo;allattamento con latte materno. La somministrazione di REACTIFARGAN durante la gravidanza e l&rsquo;allattamento con latte materno deve essere presa in considerazione solo se il beneficio atteso per la madre supera il rischio per il feto o il bambino.</p>  <h3>Effetti sulla guida e sull'uso di macchinari</h3>  <p>L&rsquo;applicazione troppo abbondante di prodotto su aree molto estese della cute, pu&ograve; determinare l&rsquo;assorbimento del farmaco e causare sonnolenza in pazienti particolarmente sensibili. Segnalare al paziente di prestare particolare attenzione prima di mettersi alla guida di veicoli o di usare macchinari.</p>  <h3>Effetti indesiderati</h3>  <p>Gli effetti indesiderati sotto riportati derivano dal post-marketing e hanno frequenza non nota (la frequenza non pu&ograve; essere stabilita sulla base dei dati disponibili). <table border=1 cellspacing=0 cellpadding=3> <tr> <td> <b>Classificazione per organi e sistemi</b> </td> <td> <b>Frequenza non nota</b> </td> </tr> <tr> <td> Patologie della cute e del tessuto sottocutaneo</td> <td> Dermatite edema eritema lesioni bollose fotosensibilit&agrave;</td> </tr> </table> <b>Segnalazione delle reazioni avverse sospette</b> La segnalazione delle reazioni avverse sospette che si verificano dopo l&rsquo;autorizzazione del medicinale &egrave; importante, in quanto permette un monitoraggio continuo del rapporto beneficio/rischio del medicinale. Agli operatori sanitari &egrave; richiesto di segnalare qualsiasi reazione avversa sospetta tramite il sistema nazionale di segnalazione all&rsquo;indirizzo https://www.aifa.gov.it/content/segnalazioni-reazioni-avverse</p>  <h3>Sovradosaggio</h3>  <p>Non sono stati segnalati casi di sovradosaggio.</p>  <h3>Conservazione</h3>  <p>Conservare a temperatura inferiore a 25&deg;C.</p>",REACTIFARGAN,1,1,4,13.01,,,,Taxable Goods,2,1,5562,002516060,2759,reactifargan-002516060
002695017,default,Default,simple,54,base,Bevitin 30cpr,Bevitin*30cpr,Bevitin*30cpr,1,1,4,4.88,,,,Taxable Goods,0,0,5311,002695017,2759,bevitin-30cpr-002695017
002715023,default,Default,simple,54,base,Antiscabbia Candioli pom 100g,Antiscabbia Candioli*pom 100g,Antiscabbia Candioli*pom 100g,1,1,4,3.59,,,,Taxable Goods,0,0,636,002715023,2759,antiscabbia-candioli-pom-100g-002715023
002780029,default,Default,simple,54,base,Botropase im Iv 3f 1ml,Botropase*im Iv 3f 1ml,Botropase*im Iv 3f 1ml,1,1,4,6.71,,,,Taxable Goods,0,0,5311,002780029,2759,botropase-im-iv-3f-1ml-002780029
002792012,default,Default,simple,54,base,"Premarin 20cpr 1,25mg","Premarin*20cpr 1,25mg","Premarin*20cpr 1,25mg",1,1,4,3.55,,,,Taxable Goods,0,0,457,002792012,2759,premarin-20cpr-1-25mg-002792012
002792036,default,Default,simple,54,base,"Premarin 36cpr 0,625mg","Premarin*36cpr 0,625mg","Premarin*36cpr 0,625mg",1,1,4,2.79,,,,Taxable Goods,1,1,457,002792036,2759,premarin-36cpr-0-625mg-002792036
002792188,default,Default,simple,54,base,"Premarin 28cpr 0,625mg","Premarin*28cpr 0,625mg","Premarin*28cpr 0,625mg",1,1,4,2.33,,,,Taxable Goods,0,0,457,002792188,2759,premarin-28cpr-0-625mg-002792188
002792190,default,Default,simple,54,base,"Premarin 28cpr 1,25mg","Premarin*28cpr 1,25mg","Premarin*28cpr 1,25mg",1,1,4,6.50,,,,Taxable Goods,0,0,457,002792190,2759,premarin-28cpr-1-25mg-002792190
002860017,default,Default,simple,54,base,Luminale im 10f 1ml 200mg/ml,Luminale*im 10f 1ml 200mg/ml,Luminale*im 10f 1ml 200mg/ml,1,1,4,4.91,,,,Taxable Goods,9,1,509,002860017,2759,luminale-im-10f-1ml-200mg-ml-002860017
002860031,default,Default,simple,54,base,Luminale 20cpr 100mg,Luminale*20cpr 100mg,Luminale*20cpr 100mg,1,1,4,0.83,,,,Taxable Goods,2,1,509,002860031,2759,luminale-20cpr-100mg-002860031
002860043,default,Default,simple,54,base,Luminale 30cpr 15mg,Luminale*30cpr 15mg,Luminale*30cpr 15mg,1,1,4,0.81,,,,Taxable Goods,1,1,509,002860043,2759,luminale-30cpr-15mg-002860043
002866174,default,Default,simple,54,base,Chemicetina 3 Ov 500mg,Chemicetina*3 Ov 500mg,Chemicetina*3 Ov 500mg,1,1,4,7.80,,,,Taxable Goods,1,1,315,002866174,2759,chemicetina-3-ov-500mg-002866174
002866186,default,Default,simple,54,base,Chemicetina 3 Ov 250mg,Chemicetina*3 Ov 250mg,Chemicetina*3 Ov 250mg,1,1,4,5.72,,,,Taxable Goods,0,0,315,002866186,2759,chemicetina-3-ov-250mg-002866186
002868014,default,Default,simple,54,base,Menovis im 1f 5mg+50mg+1f 4ml,Menovis*im 1f 5mg+50mg+1f 4ml,Menovis*im 1f 5mg+50mg+1f 4ml,1,1,4,6.56,,,,Taxable Goods,0,0,5281,002868014,2759,menovis-im-1f-5mg-50mg-1f-4ml-002868014
002922058,default,Default,simple,54,base,Testoviron im F 100mg 1ml,Testoviron*im F 100mg 1ml,Testoviron*im F 100mg 1ml,1,1,4,4.47,,,,Taxable Goods,0,0,221,002922058,2759,testoviron-im-f-100mg-1ml-002922058
002922060,default,Default,simple,54,base,Testoviron im F 250mg 1ml Rp,Testoviron*im F 250mg 1ml Rp,Testoviron*im F 250mg 1ml Rp,1,1,4,7.28,,,,Taxable Goods,1,1,0,002922060,2759,testoviron-im-f-250mg-1ml-rp-002922060
002955072,default,Default,simple,54,base,Xamamina Mal Di Viag 10cps50mg,Xamamina Mal Di Viag*10cps50mg,Xamamina Mal Di Viag*10cps50mg,1,1,4,4.64,,,,Taxable Goods,0,0,236,002955072,2759,xamamina-mal-di-viag-10cps50mg-002955072
002955134,default,Default,simple,54,base,Xamamina 6 Gomme Mast 25mg,Xamamina*6 Gomme Mast 25mg,Xamamina*6 Gomme Mast 25mg,1,1,4,5.85,,,,Taxable Goods,0,0,236,002955134,2759,xamamina-6-gomme-mast-25mg-002955134
002991026,default,Default,simple,54,base,Diagran 40cpr Riv,Diagran*40cpr Riv,Diagran*40cpr Riv,1,1,4,8.05,,,,Taxable Goods,0,0,5281,002991026,2759,diagran-40cpr-riv-002991026
002992016,default,Default,simple,54,base,Streptomicina Solf.squibb 1/mu,Streptomicina Solf.squibb*1/mu,Streptomicina Solf.squibb*1/mu,1,1,4,1.16,,,,Taxable Goods,0,0,339,002992016,2759,streptomicina-solf-squibb-1-mu-002992016
003214018,default,Default,simple,54,base,Hydrotricine 24cpr Orosol 1mg,Hydrotricine*24cpr Orosol 1mg,Hydrotricine*24cpr Orosol 1mg,1,1,4,3.38,,,,Taxable Goods,3,1,238,003214018,2759,hydrotricine-24cpr-orosol-1mg-003214018
003247032,default,Default,simple,54,base,Profasi Hp im Sc 2f+2f 2000ui,Profasi Hp*im Sc 2f+2f 2000ui,Profasi Hp*im Sc 2f+2f 2000ui,1,1,4,2.53,,,,Taxable Goods,0,0,472,003247032,2759,profasi-hp-im-sc-2f-2f-2000ui-003247032
003268012,default,Default,simple,54,base,Sympatol os Soluz 10g 10%,Sympatol*os Soluz 10g 10%,Sympatol*os Soluz 10g 10%,1,1,4,2.91,,,,Taxable Goods,0,0,287,003268012,2759,sympatol-os-soluz-10g-10-003268012
003268024,default,Default,simple,54,base,Sympatol os Soluz 25g 10%,Sympatol*os Soluz 25g 10%,Sympatol*os Soluz 25g 10%,1,1,4,3.43,,,,Taxable Goods,0,0,287,003268024,2759,sympatol-os-soluz-25g-10-003268024
003283049,default,Default,simple,54,base,Agruvit S/z 16cpr Mast 500mg,Agruvit S/z*16cpr Mast 500mg,Agruvit S/z*16cpr Mast 500mg,1,1,4,3.02,,,,Taxable Goods,0,0,238,003283049,2759,agruvit-s-z-16cpr-mast-500mg-003283049
003311053,default,Default,simple,54,base,FENAZIL,"<h3>Denominazione</h3>  <p>FENAZIL</p>  <h3>Principi attivi</h3>  <p>FENAZIL 2% crema 100 g contengono: <b>Principio attivo</b>: Prometazina cloridrato 2,00 g. <b>Eccipienti con effetti noti</b>: Metile paraidrossibenzoato. FENAZIL 2% matita cutanea 100 g contengono: <b>Principio attivo</b>: Prometazina cloridrato 2,00 g. <b>Eccipienti con effetti noti</b>: Glicole propilenico, alcool cetilico e acido stearico. Per l&rsquo;elenco completo degli eccipienti vedere paragrafo 6.1.</p>  <h3>Eccipienti</h3>  <p>FENAZIL 2% crema Glicerolo, estere polietilenglicolico di acidi grassi, acido stearico, lavanda essenza profumata, metile paraidrossibenzoato, acqua depurata. FENAZIL 2% matita cutanea Acido stearico, alcool cetilico, glicole etilenico, glicole propilenico, lavanda essenza, alcool etilico.</p>  <h3>Indicazioni terapeutiche</h3>  <p>Uso temporaneo nel caso di punture di insetti ed altri fenomeni irritativi cutanei localizzati, quali rossore, bruciore e prurito.</p>  <h3>Posologia</h3>  <p><i>Fenazil matita cutanea</i> Frizionare leggermente e per alcuni secondi il Fenazil matita cutanea sulla parte interessata, 3 &ndash; 4 volte al giorno. <i>Fenazil crema</i> Applicare un leggero strato di Fenazil crema sulla parte interessata, massaggiando fino a penetrazione completa. Ripetere l&rsquo;applicazione 3 &ndash; 4 volte al giorno. Non superare le dosi consigliate.</p>  <h3>Controindicazioni</h3>  <p>Ipersensibilit&agrave; al principio attivo o ad uno qualsiasi degli eccipienti elencati al paragrafo 6.1. In caso di eczemi o lesioni secernenti. Controindicato nei bambini di et&agrave; inferiore a 2 anni.</p>  <h3>Avvertenze e precauzioni</h3>  <p>Il medicinale &egrave; solo per uso esterno. Non usare per trattamenti prolungati. L&rsquo;uso prolungato ed incongruo del medicinale pu&ograve; dare origine a fenomeni di sensibilizzazione allergica, con conseguente peggioramento della sintomatologia. Nel caso ci&ograve; si verifichi, occorre sospendere il trattamento, al fine di istituire una terapia idonea. Dato che l&rsquo;applicazione di Fenazil pu&ograve; ritardare i processi di cicatrizzazione, esso non deve essere impiegato per pi&ugrave; di 3 &ndash; 4 giorni consecutivi su lesioni nelle quali sia in atto tale fenomeno. Nel caso di eritema solare, non esporre la parte, dopo l&rsquo;applicazione, al sole. Qualora si manifestassero eruzioni cutanee, fenomeni di irritazione e bruciore il trattamento va sospeso. <i>Fenazil crema </i> Applicare la crema con precauzione ed in strato sottile quando la cute presenti abrasioni molto estese, per evitare un assorbimento sistemico del medicinale. L&rsquo;applicazione troppo abbondante di crema su aree molto estese della cute pu&ograve; determinare l&rsquo;assorbimento del farmaco e causare, in pazienti particolarmente sensibili, sonnolenza. <i>Fenazil matita cutanea </i> Usare solo su cute integra. Evitare il contatto del Fenazil matita cutanea con le mucose, le parti genitali e le ferite. Lavarsi le mani con acqua e sapone dopo l&rsquo;uso e richiudere bene il contenitore. Informazioni importanti su alcuni eccipienti Fenazil crema contiene: &ndash; metile paraidrossibenzoato pertanto pu&ograve; causare reazioni allergiche (anche ritardate) &ndash; estere polietilenglicolico di acidi grassi che pu&ograve; causare irritazione cutanea. <i>Fenazil matita cutanea </i>contiene: &ndash; glicole propilenico pertanto pu&ograve; causare irritazione cutanea &ndash; alcool cetilico e acido stearico, che possono causare reazioni cutanee locali (ad es. dermatiti da contatto).</p>  <h3>Interazioni</h3>  <p>Evitare l&rsquo;uso contemporaneo di altri farmaci per uso cutaneo.</p>  <h3>Gravidanza e allattamento</h3>  <p>Non risultano limitazioni d&rsquo;uso durante la gravidanza e l&rsquo;allattamento. &Egrave;, comunque, consigliato l&rsquo;uso solo dopo aver consultato un medico.</p>  <h3>Effetti sulla guida e sull'uso di macchinari</h3>  <p>Fenazil non altera la capacit&agrave; di guidare veicoli o di usare macchinari.</p>  <h3>Effetti indesiderati</h3>  <p>L&rsquo;applicazione topica della prometazina pu&ograve;, in qualche caso, indurre sensibilizzazione cutanea fino a forme di fotosensibilizzazione. L&rsquo;uso, specie se prolungato, dei medicinali per uso cutaneo pu&ograve; dare origine a fenomeni di sensibilizzazione: in tal caso, interrompere il trattamento e consultare il medico, per istituire una idonea terapia. <b>Segnalazione delle reazioni avverse sospette. </b> La segnalazione delle reazioni avverse sospette che si verificano dopo l&rsquo;autorizzazione del medicinale &egrave; importante, in quanto permette un monitoraggio continuo del rapporto beneficio/rischio del medicinale. Agli operatori sanitari &egrave; richiesto di segnalare qualsiasi reazione avversa sospetta tramite il sistema nazionale di segnalazione all&rsquo;indirizzo www.agenziafarmaco.gov.it/it/responsabili.</p>  <h3>Sovradosaggio</h3>  <p>Se accidentalmente ingerito in quantit&agrave; rilevante, il prodotto pu&ograve; causare inizialmente eccitazione nei bambini, mentre nell&rsquo;adulto predomina inizialmente sonnolenza. Non esistono antidoti specifici: la terapia &egrave; di tipo sintomatico (lavanda gastrica).</p>  <h3>Conservazione</h3>  <p>Conservare a temperatura non superiore ai 30&deg; C.</p>",FENAZIL,1,1,4,7.56,,,,Taxable Goods,18,1,239,003311053,2759,fenazil-003311053
003337033,default,Default,simple,54,base,Carboyoghurt 30cpr 330mg+50mg,Carboyoghurt*30cpr 330mg+50mg,Carboyoghurt*30cpr 330mg+50mg,1,1,4,6.75,,,,Taxable Goods,0,0,222,003337033,2759,carboyoghurt-30cpr-330mg-50mg-003337033
003350030,default,Default,simple,54,base,"Imizol coll 10fl 1d 0,5ml 0,1%","Imizol*coll 10fl 1d 0,5ml 0,1%","Imizol*coll 10fl 1d 0,5ml 0,1%",1,1,4,4.90,,,,Taxable Goods,0,0,269,003350030,2759,imizol-coll-10fl-1d-0-5ml-0-1-003350030
003366073,default,Default,simple,54,base,Cebion os Gtt 10ml 100mg/ml,Cebion*os Gtt 10ml 100mg/ml,Cebion*os Gtt 10ml 100mg/ml,1,1,4,5.58,,,,Taxable Goods,0,0,237,003366073,2759,cebion-os-gtt-10ml-100mg-ml-003366073
003366111,default,Default,simple,54,base,Cebion 10bust 1g Arancia,Cebion*10bust 1g Arancia,Cebion*10bust 1g Arancia,1,1,4,4.86,,,,Taxable Goods,1,1,237,003366111,2759,cebion-10bust-1g-arancia-003366111
003366147,default,Default,simple,54,base,Cebion 500 20cpr Mast Limone,Cebion 500*20cpr Mast Limone,Cebion 500*20cpr Mast Limone,1,1,4,5.85,,,,Taxable Goods,0,0,237,003366147,2759,cebion-500-20cpr-mast-limone-003366147
003366150,default,Default,simple,54,base,Cebion 500 20cpr Mast Arancia,Cebion 500*20cpr Mast Arancia,Cebion 500*20cpr Mast Arancia,1,1,4,6.57,,,,Taxable Goods,0,0,237,003366150,2759,cebion-500-20cpr-mast-arancia-003366150
003366162,default,Default,simple,54,base,Cebion 10cpr Eff 1g Arancia,Cebion*10cpr Eff 1g Arancia,Cebion*10cpr Eff 1g Arancia,1,1,4,5.31,,,,Taxable Goods,0,0,237,003366162,2759,cebion-10cpr-eff-1g-arancia-003366162
003366174,default,Default,simple,54,base,Cebion 10cpr Eff 1g Limone,Cebion*10cpr Eff 1g Limone,Cebion*10cpr Eff 1g Limone,1,1,4,5.22,,,,Taxable Goods,0,0,237,003366174,2759,cebion-10cpr-eff-1g-limone-003366174
003366198,default,Default,simple,54,base,Cebion 500 20cpr Mast S/zucch,Cebion 500*20cpr Mast S/zucch,Cebion 500*20cpr Mast S/zucch,1,1,4,5.85,,,,Taxable Goods,0,0,237,003366198,2759,cebion-500-20cpr-mast-s-zucch-003366198
003366200,default,Default,simple,54,base,Cebion 10cpr Eff 1g S/zucchero,Cebion*10cpr Eff 1g S/zucchero,Cebion*10cpr Eff 1g S/zucchero,1,1,4,5.22,,,,Taxable Goods,0,0,237,003366200,2759,cebion-10cpr-eff-1g-s-zucchero-003366200
003452048,default,Default,simple,54,base,VALONTAN BAMBINI,"<h3>Denominazione</h3>  <p>VALONTAN BAMBINI</p>  <h3>Principi attivi</h3>  <p><b> <i>Compresse rivestite</i> </b>: <u>Ogni compressa rivestita contiene:</u> <i>Principio attivo</i> Dimenidrinato 25 mg <b> <i>Supposte</i> </b>: <u>Ogni supposta contiene</u>: <i>Principio attivo</i> Dimenidrinato 25 mg Per gli eccipienti : vedi 6.1</p>  <h3>Eccipienti</h3>  <p><b> <i>Compresse rivestite</i> </b>: Ogni compressa rivestita contiene: <i>Eccipienti:</i> Saccarosio 15,0 mg, polivinilpirrolidone 2,0 mg, silice precipitata 1,5 mg, magnesio stearato 1,5 mg, amido di mais 45,0 mg, idrossipropilmetilcellulosa 1,875 mg, polietilenglicole 400&nbsp;&nbsp; 0,1875 mg, titanio biossido 0,9375 mg. <b> <i>Supposte</i> </b>: Ogni supposta contiene: <i>Eccipienti:</i> Silice precipitata 10 mg, gliceridi semisintetici 1500 mg.</p>  <h3>Indicazioni terapeutiche</h3>  <p>Prevenzione e trattamento della nausea, del vomito e della vertigine, proprie delle naupatie (mal di mare, d'auto, di treno, d'aereo).</p>  <h3>Posologia</h3>  <p>Nei bambini di et&agrave; fra 2-6 anni : 1 compressa o 1 supposta di VALONTAN bambini fino ad un massimo di 3 volte al di, secondo le necessit&agrave;. Nei bambini in et&agrave; fra 7-12 anni: 1-2 compresse o supposte di VALONTAN bambini 2-3 volte al d&igrave;. Si consiglia l'assunzione circa 30 minuti prima di ottenere l'effetto desiderato. Non somministrare a bambini di et&agrave; inferiore ai 2 anni (vedi 4.3) Nono superare le dosi consigliate. Non usare per trattamenti prolungati.</p>  <h3>Controindicazioni</h3>  <p>Ipersensibilit&agrave; al principio attivo o ad uno qualsiasi degli eccipienti. Controindicato nei bambini di et&agrave; inferiore ai 2 anni. Generalmente controindicato durante la gravidanza e l'allattamento.</p>  <h3>Avvertenze e precauzioni</h3>  <p>L'uso degli antiistaminici contemporaneamente a certi antibiotici o altri farmaci ototossici pu&ograve; mascherare i primi segni di ototossicit&agrave;, la quale pu&ograve; rivelarsi solo quando il danno &egrave; irreversibile. Usare con cautela in soggetti affetti da glaucoma, ipertrofia prostatica, altre sindromi di ritenzione urinaria, ostruzione intestinale, ipertensione arteriosa, malattie cardiovascolari, asma bronchiale, bronchite cronica o enfisema, ipertiroidismo. Il medicinale pu&ograve; esacerbare disordini convulsivi. Va pertanto impiegato con molta cautela nei soggetti affetti da epilessia. Le compresse contengono saccarosio, non sono quindi adatte per i soggetti con intolleranza ereditaria al fruttosio, malassorbimento di glucosio-galattosio o deficit di saccarasi-isomaltasi.</p>  <h3>Interazioni</h3>  <p>Durante il trattamento, allo scopo di impedire fenomeni additivi di sedazione, si dovr&agrave; evitare che al bambino siano somministrati farmaci che agiscono sul Sistema Nervoso Centrale.</p>  <h3>Gravidanza e allattamento</h3>  <p>Se ne sconsiglia l'uso durante la gravidanza. Nelle pazienti che allattano occorre decidere se rinunciare a nutrire al seno il bambino e iniziare il trattamento o, viceversa, proseguire l'allattamento evitando la somministrazione del prodotto.</p>  <h3>Effetti sulla guida e sull'uso di macchinari</h3>  <p>Non pertinente.</p>  <h3>Effetti indesiderati</h3>  <p>Il pi&ugrave; frequente effetto secondario degli antiistaminici &egrave; la sedazione che pu&ograve; manifestarsi come sonnolenza. Con l'impiego degli antiistaminici possono verificarsi secchezza delle fauci, fotosensibilit&agrave;, disturbi dell'accomodazione, disturbi della minzione, cefalea, anoressia, nausea, reazioni cutanee su base allergica. Meno frequentemente vertigini, astenia, insonnia (specialmente nei bambini), euforia, tremori, ipotensione, tachicardia e, ad alte dosi, specie nei bambini, convulsioni.</p>  <h3>Sovradosaggio</h3>  <p>La sonnolenza &egrave; il sintomo pi&ugrave; usuale di iperdosaggio. Dosi tossiche possono produrre: convulsioni, coma e depressione respiratoria. Nel caso attuare una terapia sintomatica; quando necessario, assistenza respiratoria.</p>  <h3>Conservazione</h3>  <p>Nessuna.</p>",VALONTAN BAMBINI,1,1,4,6.21,,,,Taxable Goods,0,0,235,003452048,2759,valontan-bambini-003452048
003488057,default,Default,simple,54,base,Artane 50cpr 2mg,Artane*50cpr 2mg,Artane*50cpr 2mg,1,1,4,1.32,,,,Taxable Goods,1,1,5281,003488057,2759,artane-50cpr-2mg-003488057
003559059,default,Default,simple,54,base,Testovis im 2f 2ml 100mg,Testovis*im 2f 2ml 100mg,Testovis*im 2f 2ml 100mg,1,1,4,2.07,,,,Taxable Goods,0,0,222,003559059,2759,testovis-im-2f-2ml-100mg-003559059
003604030,default,Default,simple,54,base,Fermenturto ad Os Liof 6fl,Fermenturto*ad Os Liof 6fl,Fermenturto*ad Os Liof 6fl,1,1,4,10.80,,,,Taxable Goods,0,0,240,003604030,2759,fermenturto-ad-os-liof-6fl-003604030
003671070,default,Default,simple,54,base,"Diftetall ad Iniet 1fsir 0,5ml","Diftetall*ad Iniet 1fsir 0,5ml","Diftetall*ad Iniet 1fsir 0,5ml",1,1,4,6.01,,,,Taxable Goods,0,0,670,003671070,2759,diftetall-ad-iniet-1fsir-0-5ml-003671070
003710011,default,Default,simple,54,base,Ektogan polv Derm 20g,Ektogan*polv Derm 20g,Ektogan*polv Derm 20g,1,1,4,7.45,,,,Taxable Goods,0,0,5281,003710011,2759,ektogan-polv-derm-20g-003710011
003714021,default,Default,simple,54,base,Carbonesia 32cialdini,Carbonesia*32cialdini,Carbonesia*32cialdini,1,1,4,6.48,,,,Taxable Goods,0,0,241,003714021,2759,carbonesia-32cialdini-003714021
003763164,default,Default,simple,54,base,Gonasi Hp im 3fl 2000ui+3f 2ml,Gonasi Hp*im 3fl 2000ui+3f 2ml,Gonasi Hp*im 3fl 2000ui+3f 2ml,1,1,4,3.56,,,,Taxable Goods,0,0,516,003763164,2759,gonasi-hp-im-3fl-2000ui-3f-2ml-003763164
003763176,default,Default,simple,54,base,Gonasi Hp im Sc Fl 10000ui+f1m,Gonasi Hp*im Sc Fl 10000ui+f1m,Gonasi Hp*im Sc Fl 10000ui+f1m,1,1,4,21.79,,,,Taxable Goods,0,0,232,003763176,2759,gonasi-hp-im-sc-fl-10000ui-f1m-003763176
003763190,default,Default,simple,54,base,Gonasi Hp im Sc 1fl 5000ui/1ml,Gonasi Hp*im Sc 1fl 5000ui/1ml,Gonasi Hp*im Sc 1fl 5000ui/1ml,1,1,4,2.68,,,,Taxable Goods,0,0,232,003763190,2759,gonasi-hp-im-sc-1fl-5000ui-1ml-003763190
003763214,default,Default,simple,54,base,Gonasi Hp im Sc 3fl 1000ui/1ml,Gonasi Hp*im Sc 3fl 1000ui/1ml,Gonasi Hp*im Sc 3fl 1000ui/1ml,1,1,4,5.10,,,,Taxable Goods,0,0,232,003763214,2759,gonasi-hp-im-sc-3fl-1000ui-1ml-003763214
003763238,default,Default,simple,54,base,Gonasi Hp im Sc 3fl 2000ui/1ml,Gonasi Hp*im Sc 3fl 2000ui/1ml,Gonasi Hp*im Sc 3fl 2000ui/1ml,1,1,4,3.56,,,,Taxable Goods,0,0,232,003763238,2759,gonasi-hp-im-sc-3fl-2000ui-1ml-003763238
003763240,default,Default,simple,54,base,Gonasi Hp im Sc 3fl250ui/ml+3s,Gonasi Hp*im Sc 3fl250ui/ml+3s,Gonasi Hp*im Sc 3fl250ui/ml+3s,1,1,4,17.26,,,,Taxable Goods,2,1,232,003763240,2759,gonasi-hp-im-sc-3fl250ui-ml-3s-003763240
003763253,default,Default,simple,54,base,Gonasi Hp im Sc 3fl1000ui/ml+3,Gonasi Hp*im Sc 3fl1000ui/ml+3,Gonasi Hp*im Sc 3fl1000ui/ml+3,1,1,4,18.77,,,,Taxable Goods,0,0,232,003763253,2759,gonasi-hp-im-sc-3fl1000ui-ml-3-003763253
003763265,default,Default,simple,54,base,Gonasi Hp im Sc 3fl2000ui/ml+3,Gonasi Hp*im Sc 3fl2000ui/ml+3,Gonasi Hp*im Sc 3fl2000ui/ml+3,1,1,4,26.10,,,,Taxable Goods,0,0,232,003763265,2759,gonasi-hp-im-sc-3fl2000ui-ml-3-003763265
003763277,default,Default,simple,54,base,Gonasi Hp im Sc 1f 5000ui +sir,Gonasi Hp*im Sc 1f 5000ui +sir,Gonasi Hp*im Sc 1f 5000ui +sir,1,1,4,17.00,,,,Taxable Goods,2,1,232,003763277,2759,gonasi-hp-im-sc-1f-5000ui-sir-003763277
003785019,default,Default,simple,54,base,Dobetin sc Im 5f 500mcg 1ml,Dobetin*sc Im 5f 500mcg 1ml,Dobetin*sc Im 5f 500mcg 1ml,1,1,4,1.87,,,,Taxable Goods,1,1,2757,003785019,2759,dobetin-sc-im-5f-500mcg-1ml-003785019
003785033,default,Default,simple,54,base,Dobetin sc Im 5f 1000mcg 1ml,Dobetin*sc Im 5f 1000mcg 1ml,Dobetin*sc Im 5f 1000mcg 1ml,1,1,4,2.45,,,,Taxable Goods,3,1,2757,003785033,2759,dobetin-sc-im-5f-1000mcg-1ml-003785033
003785045,default,Default,simple,54,base,Dobetin im 5f 5000mcg/2ml,Dobetin*im 5f 5000mcg/2ml,Dobetin*im 5f 5000mcg/2ml,1,1,4,4.94,,,,Taxable Goods,3,1,2757,003785045,2759,dobetin-im-5f-5000mcg-2ml-003785045
003785058,default,Default,simple,54,base,Dobetin os Gtt 15ml 20mcg/ml,Dobetin*os Gtt 15ml 20mcg/ml,Dobetin*os Gtt 15ml 20mcg/ml,1,1,4,1.56,,,,Taxable Goods,0,0,2757,003785058,2759,dobetin-os-gtt-15ml-20mcg-ml-003785058
003785072,default,Default,simple,54,base,Dobetin im 5f 1mg/2ml+25mg/2ml,Dobetin*im 5f 1mg/2ml+25mg/2ml,Dobetin*im 5f 1mg/2ml+25mg/2ml,1,1,4,2.03,,,,Taxable Goods,0,0,2757,003785072,2759,dobetin-im-5f-1mg-2ml-25mg-2ml-003785072
003803095,default,Default,simple,54,base,Glicerovalerovit im 10f 20mg,Glicerovalerovit*im 10f 20mg,Glicerovalerovit*im 10f 20mg,1,1,4,5.39,,,,Taxable Goods,0,0,5281,003803095,2759,glicerovalerovit-im-10f-20mg-003803095
003803119,default,Default,simple,54,base,Glicerovalerovit scir 150ml,Glicerovalerovit*scir 150ml,Glicerovalerovit*scir 150ml,1,1,4,8.63,,,,Taxable Goods,0,0,5281,003803119,2759,glicerovalerovit-scir-150ml-003803119
003820014,default,Default,simple,54,base,Katasma im 10f 200mg 2ml,Katasma*im 10f 200mg 2ml,Katasma*im 10f 200mg 2ml,1,1,4,2.18,,,,Taxable Goods,0,0,5277,003820014,2759,katasma-im-10f-200mg-2ml-003820014
003820038,default,Default,simple,54,base,Katasma iv 3f 300mg 10ml,Katasma*iv 3f 300mg 10ml,Katasma*iv 3f 300mg 10ml,1,1,4,3.38,,,,Taxable Goods,0,0,5277,003820038,2759,katasma-iv-3f-300mg-10ml-003820038
003946011,default,Default,simple,54,base,"Diidergot os Gtt 15ml 0,2%","Diidergot*os Gtt 15ml 0,2%","Diidergot*os Gtt 15ml 0,2%",1,1,4,2.59,,,,Taxable Goods,0,0,5281,003946011,2759,diidergot-os-gtt-15ml-0-2-003946011
004123030,default,Default,simple,54,base,"CORYFIN GOLA 0,25 MG COMPRESSE ORODISPERSIBILI","<h3>Denominazione</h3>  <p>CORYFIN GOLA 0,25 MG COMPRESSE ORODISPERSIBILI</p>  <h3>Principi attivi</h3>  <p><u>Ogni compressa orodispersibile contiene</u>: dequalinio cloruro 0,25 mg. <u>Eccipiente(i) con effetti noti</u>: saccarosio. Per l&rsquo;elenco completo degli eccipienti vedere il paragrafo 6.1.</p>  <h3>Eccipienti</h3>  <p>Saccarina; saccarosio; gomma arabica; vanillina; mentolo; talco; magnesio stearato; aroma composto.</p>  <h3>Indicazioni terapeutiche</h3>  <p>Disinfettante del cavo orale.</p>  <h3>Posologia</h3>  <p><u>Posologia</u> Nelle infiammazioni faringee e tonsillari da 3 a 5 compresse orodisperdibili al giorno. Le compresse devono sciogliersi lentamente in bocca. Non superare le dosi consigliate.</p>  <h3>Controindicazioni</h3>  <p>Ipersensibilit&agrave; al principio attivo o ad uno qualsiasi degli eccipienti elencati al paragrafo 6.1.</p>  <h3>Avvertenze e precauzioni</h3>  <p><u>Popolazione pediatrica</u> Per la presenza del mentolo nei bambini sotto i due anni con disposizione al laringospasmo o alle convulsioni, consultare il medico prima di usare il prodotto. Usare analoga cautela nei bambini sino a sei anni di et&agrave;.Questo prodotto contiene saccarosio. I pazienti affetti da rari problemi ereditari di intolleranza al fruttosio, da malassorbimento di glucosio&ndash;galattosio, o da insufficienza di sucrasi isomaltasi, non devono assumere questo medicinale. Questo medicinale contiene 1,2 g di saccarosio per compressa. Da tenere in considerazione nelle persone affette da diabete mellito.</p>  <h3>Interazioni</h3>  <p>Nessuna nota.</p>  <h3>Gravidanza e allattamento</h3>  <p>Durante la gravidanza, l&rsquo;impiego per lunghi periodi, deve avvenire solo dietro prescrizione medica; da non usare nell&rsquo;ultimo mese.</p>  <h3>Effetti sulla guida e sull'uso di macchinari</h3>  <p>CORYFIN GOLA non altera la capacit&agrave; di guidare veicoli o di usare macchinari.</p>  <h3>Effetti indesiderati</h3>  <p>Si possono verificare fenomeni di ipersensibilit&agrave; (eruzioni cutanee ecc.). <b>Segnalazione delle reazioni avverse sospette</b> La segnalazione delle reazioni avverse sospette che si verificano dopo l&rsquo;autorizzazione del medicinale &egrave; importante, in quanto permette un monitoraggio continuo del rapporto beneficio/rischio del medicinale. Agli operatori sanitari &egrave; richiesto di segnalare qualsiasi reazione avversa sospetta tramite il sistema nazionale di segnalazione all&rsquo;indirizzo: www.agenziafarmaco.gov.it/it/responsabili.</p>  <h3>Sovradosaggio</h3>  <p>Non sono noti sintomi da sovradosaggio.</p>  <h3>Conservazione</h3>  <p>Nessuna.</p>","CORYFIN GOLA 0,25 MG COMPRESSE ORODISPERSIBILI",1,1,4,8.20,,,,Taxable Goods,17,1,222,004123030,5131,coryfin-gola-0-25-mg-compresse-orodispersibili-004123030
004173023,default,Default,simple,54,base,Cortiron Depot im 1f 1ml 50mg,Cortiron Depot*im 1f 1ml 50mg,Cortiron Depot*im 1f 1ml 50mg,1,1,4,1.80,,,,Taxable Goods,0,0,221,004173023,2759,cortiron-depot-im-1f-1ml-50mg-004173023
004198040,default,Default,simple,54,base,"Hydergina 50cpr 1,5mg","Hydergina*50cpr 1,5mg","Hydergina*50cpr 1,5mg",1,1,4,7.44,,,,Taxable Goods,1,1,671,004198040,2759,hydergina-50cpr-1-5mg-004198040
004198065,default,Default,simple,54,base,Hydergina os Gtt 45ml 1mg/ml,Hydergina*os Gtt 45ml 1mg/ml,Hydergina*os Gtt 45ml 1mg/ml,1,1,4,6.03,,,,Taxable Goods,0,0,671,004198065,2759,hydergina-os-gtt-45ml-1mg-ml-004198065
004225025,default,Default,simple,54,base,"Methergin im Ev 6f 1ml0,2mg/ml","Methergin*im Ev 6f 1ml0,2mg/ml","Methergin*im Ev 6f 1ml0,2mg/ml",1,1,4,1.69,,,,Taxable Goods,2,1,341,004225025,2759,methergin-im-ev-6f-1ml0-2mg-ml-004225025
004225037,default,Default,simple,54,base,"Methergin 15cpr Riv 0,125mg","Methergin*15cpr Riv 0,125mg","Methergin*15cpr Riv 0,125mg",1,1,4,0.81,,,,Taxable Goods,6,1,341,004225037,2759,methergin-15cpr-riv-0-125mg-004225037
004287025,default,Default,simple,54,base,Fialetta Odontalgica Kna 1f 4g,Fialetta Odontalgica Kna*1f 4g,Fialetta Odontalgica Kna*1f 4g,1,1,4,5.40,,,,Taxable Goods,0,0,2783,004287025,2759,fialetta-odontalgica-kna-1f-4g-004287025
004308019,default,Default,simple,54,base,Antabuse Dispergettes 24cpr Ef,Antabuse Dispergettes*24cpr Ef,Antabuse Dispergettes*24cpr Ef,1,1,4,11.86,,,,Taxable Goods,0,0,482,004308019,2759,antabuse-dispergettes-24cpr-ef-004308019
004398018,default,Default,simple,54,base,"OTALGAN 1% + 5% GOCCE AURICOLARI, SOLUZIONE","<h3>Denominazione</h3>  <p>OTALGAN 1% + 5% GOCCE AURICOLARI, SOLUZIONE</p>  <h3>Principi attivi</h3>  <p>Principio attivo: 100 g contengono: - procaina cloridrato 1 g - fenazone 5 g</p>  <h3>Eccipienti</h3>  <p>Glicerolo, butilidrossianisolo.</p>  <h3>Indicazioni terapeutiche</h3>  <p>Otalgie.</p>  <h3>Posologia</h3>  <p>Instillare nel condotto uditivo esterno 2-4 volte al giorno: Adulti: 5-8 gocce ogni volta. Bambini: 4-5 gocce ogni volta. Non superare le dosi consigliate.</p>  <h3>Controindicazioni</h3>  <p>Ipersensibilit&agrave; individuale accertata verso i componenti del prodotto. In caso di perforazione della membrana timpanica astenersi dall&rsquo;uso.</p>  <h3>Avvertenze e precauzioni</h3>  <p>Si consiglia di intiepidire il flacone prima dell&rsquo;uso. Quale misura precauzionale, prima di somministrare il prodotto, assicurarsi dell&rsquo;integrit&agrave; della membrana del timpano. Non protrarre la somministrazione del farmaco oltre i 10 giorni; in ogni caso dopo breve periodo di trattamento, 1-2 giorni, senza risultati apprezzabili, consultare il medico. Nella primissima infanzia il prodotto deve essere somministrato sotto il diretto controllo del medico e solo nei casi di effettiva necessit&agrave;. Il prodotto pu&ograve; essere usato a qualsiasi et&agrave;. Tenere il medicinale fuori dalla portata dei bambini.</p>  <h3>Interazioni</h3>  <p>Non segnalate.</p>  <h3>Gravidanza e allattamento</h3>  <p>Non sono segnalati particolari rischi. Somministrare sotto il diretto controllo del medico e solo nei casi di effettiva necessit&agrave;.</p>  <h3>Effetti sulla guida e sull'uso di macchinari</h3>  <p>Nessuna interferenza.</p>  <h3>Effetti indesiderati</h3>  <p>I prodotti per applicazione topica possono dare origine a fenomeni di sensibilizzazione o di irritazione. In tali casi interrompere il trattamento e consultare il medico.In caso di perforazione del timpano, il prodotto a contatto con la struttura dell&rsquo;orecchio medio pu&ograve; determinare effetti collaterali a tale livello. L&rsquo;uso del fenazone, sia pure per via sistemica, &egrave; stato associato ad un elevato rischio di agranulocitosi; questo farmaco, come la procaina, pu&ograve; dare reazioni allergiche in soggetti sensibilizzati ed in seguito ad adsorbimento sistemico anche manifestazioni anafilattiche.</p>  <h3>Sovradosaggio</h3>  <p>Non segnalate reazioni da sovradosaggio.</p>  <h3>Conservazione</h3>  <p>Chiudere bene il flacone dopo l&rsquo;uso.</p>","OTALGAN 1% + 5% GOCCE AURICOLARI, SOLUZIONE",1,1,4,10.30,,,,Taxable Goods,3,1,245,004398018,2759,otalgan-1--5-gocce-auricolari-soluzione-004398018
004446011,default,Default,simple,54,base,Lisozima Spa bb 50cpr 2mg Fl,Lisozima Spa*bb 50cpr 2mg Fl,Lisozima Spa*bb 50cpr 2mg Fl,1,1,4,3.12,,,,Taxable Goods,0,0,346,004446011,2759,lisozima-spa-bb-50cpr-2mg-fl-004446011
004446050,default,Default,simple,54,base,Lisozima Spa 24cpr 250mg Fl,Lisozima Spa*24cpr 250mg Fl,Lisozima Spa*24cpr 250mg Fl,1,1,4,6.24,,,,Taxable Goods,0,0,346,004446050,2759,lisozima-spa-24cpr-250mg-fl-004446050
004446062,default,Default,simple,54,base,Lisozima Spa 30cpr 500mg Fl,Lisozima Spa*30cpr 500mg Fl,Lisozima Spa*30cpr 500mg Fl,1,1,4,13.83,,,,Taxable Goods,7,1,346,004446062,2759,lisozima-spa-30cpr-500mg-fl-004446062
004509028,default,Default,simple,54,base,"Ergotan im 3f 0,25mg 1ml","Ergotan*im 3f 0,25mg 1ml","Ergotan*im 3f 0,25mg 1ml",1,1,4,1.07,,,,Taxable Goods,0,0,590,004509028,2759,ergotan-im-3f-0-25mg-1ml-004509028
004532026,default,Default,simple,54,base,Sciroppo Berta bb Fl 130g,Sciroppo Berta*bb Fl 130g,Sciroppo Berta*bb Fl 130g,1,1,4,8.91,,,,Taxable Goods,0,0,246,004532026,2759,sciroppo-berta-bb-fl-130g-004532026
004533030,default,Default,simple,54,base,Neurol im 10f 2ml,Neurol*im 10f 2ml,Neurol*im 10f 2ml,1,1,4,5.67,,,,Taxable Goods,0,0,222,004533030,2759,neurol-im-10f-2ml-004533030
004535011,default,Default,simple,54,base,Xylocaina iniet 50ml 20mg/ml,Xylocaina*iniet 50ml 20mg/ml,Xylocaina*iniet 50ml 20mg/ml,1,1,4,10.14,,,,Taxable Goods,1,1,325,004535011,2759,xylocaina-iniet-50ml-20mg-ml-004535011
004535035,default,Default,simple,54,base,Xylocaina pom 20g 5%,Xylocaina*pom 20g 5%,Xylocaina*pom 20g 5%,1,1,4,2.95,,,,Taxable Goods,0,0,330,004535035,2759,xylocaina-pom-20g-5-004535035
004535201,default,Default,simple,54,base,Xylocaina ung 35g 5%,Xylocaina*ung 35g 5%,Xylocaina*ung 35g 5%,1,1,4,5.27,,,,Taxable Goods,0,0,330,004535201,2759,xylocaina-ung-35g-5-004535201
004556015,default,Default,simple,54,base,Gardenale 20cpr 100mg,Gardenale*20cpr 100mg,Gardenale*20cpr 100mg,1,1,4,0.78,,,,Taxable Goods,11,1,354,004556015,2759,gardenale-20cpr-100mg-004556015
004556027,default,Default,simple,54,base,Gardenale 30cpr 50mg,Gardenale*30cpr 50mg,Gardenale*30cpr 50mg,1,1,4,0.78,,,,Taxable Goods,8,1,354,004556027,2759,gardenale-30cpr-50mg-004556027
004561015,default,Default,simple,54,base,Cortone Acetato 20cpr 25mg,Cortone Acetato*20cpr 25mg,Cortone Acetato*20cpr 25mg,1,1,4,7.18,,,,Taxable Goods,3,1,5281,004561015,2759,cortone-acetato-20cpr-25mg-004561015
004601047,default,Default,simple,54,base,Alkaeffer 30cpr Eff,Alkaeffer*30cpr Eff,Alkaeffer*30cpr Eff,1,1,4,7.74,,,,Taxable Goods,0,0,221,004601047,2759,alkaeffer-30cpr-eff-004601047
004601050,default,Default,simple,54,base,Alkaeffer 10cpr Eff,Alkaeffer*10cpr Eff,Alkaeffer*10cpr Eff,1,1,4,3.96,,,,Taxable Goods,0,0,221,004601050,2759,alkaeffer-10cpr-eff-004601050
004642031,default,Default,simple,54,base,BENERVA,"<h3>Denominazione</h3>  <p>BENERVA</p>  <h3>Principi attivi</h3>  <p><i>Benerva 300 mg compresse gastroresistenti. </i> Una compressa contiene: tiamina cloridrato (vitamina B<sub>1</sub>) 300 mg. <i>Benerva 100 mg/1 ml soluzione iniettabile per uso intramuscolare. </i> Una fiala da 1 ml contiene: tiamina cloridrato (vitamina B<sub>1</sub>) 100 mg. Per l&rsquo;elenco completo degli eccipienti, vedere 6.1.</p>  <h3>Eccipienti</h3>  <p><b>Benerva 300 mg compresse gastroresistenti:</b> Talco, povidone K90, magnesio stearato, acido metacrilico - etile acrilato copolimero (1:1), macrogol 6000, carmellosa sodica. <b>Benerva 100 mg/1 ml soluzione iniettabile per uso intramuscolare:</b> Fenolo, glicerolo, sodio fosfato monobasico diidrato, sodio bicarbonato, acqua per preparazioni iniettabili.</p>  <h3>Indicazioni terapeutiche</h3>  <p>Profilassi e terapia della carenza di vitamina B<sub>1</sub> da aumentata richiesta o da ridotto assorbimento (beri-beri e sue diverse forme cliniche). Polineuriti carenziali (etiliche). Miocardiopatie degli etilisti. A dosi elevate, terapia coadiuvante delle nevriti e polinevriti non carenziali.</p>  <h3>Posologia</h3>  <p><i>Somministrazione per via orale.</i> Casi lievi e di media gravit&agrave;: 100 mg ogni 24 ore. Casi gravi: 600-1200 mg (2-4 compresse di Benerva da 300 mg) al giorno per 1-2 settimane, poi 300 mg (1 compressa di Benerva da 300 mg) al giorno per pi&ugrave; settimane. Le compresse di Benerva a dosaggio elevato (300 mg) permettono di instaurare un trattamento intensivo. <i>Somministrazione per via parenterale.</i> La somministrazione per via parenterale &egrave; riservata ai casi con alterato assorbimento intestinale, come pure nel trattamento iniziale di carenze acute, accompagnate da polinevriti, disturbi psichici e cardiaci, in particolare nell&rsquo;alcolismo cronico: 50-200 mg i.m. al giorno.</p>  <h3>Controindicazioni</h3>  <p><i>Compresse</i> Ipersensibilit&agrave; nota al principio attivo o ad uno qualsiasi degli eccipienti. <i>Fiale</i> Ipersensibilit&agrave; nota o sospetta al principio attivo o ad uno qualsiasi degli eccipienti.</p>  <h3>Avvertenze e precauzioni</h3>  <p>I preparati a base di vitamina B<sub>1</sub> o derivati, specie per via parenterale, possono provocare disturbi in soggetti che hanno avuto fenomeni di sensibilizzazione o manifestazioni morbose da allergopatie. Il rischio di reazioni di ipersensibilit&agrave; risulta aumentato con la somministrazione ripetuta per via intramuscolare. La somministrazione per via orale &egrave; pertanto preferibile, laddove possibile.</p>  <h3>Interazioni</h3>  <p>Il tiosemicarbazone e il 5-fluorouracile inibiscono l&rsquo;attivit&agrave; della tiamina. Interferenze con i test di laboratorio: &bull; la vitamina B<sub>1</sub> pu&ograve; dare falsi positivi nella determinazione dell&rsquo;urobilinogeno con il reagente di Ehrlich; &bull; alte dosi di vitamina B<sub>1</sub> possono interferire con la determinazione spettrofotometrica della teofillina sierica.</p>  <h3>Gravidanza e allattamento</h3>  <p>Questo prodotto non &egrave; indicato per l&rsquo;uso durante la gravidanza o l&rsquo;allattamento.</p>  <h3>Effetti sulla guida e sull'uso di macchinari</h3>  <p>Non sono segnalati, n&eacute; sono previsti, effetti negativi del preparato su tali attivit&agrave;. Tuttavia, dovrebbe essere consigliato ai pazienti di osservare le loro reazioni al farmaco prima di guidare o azionare macchinari.</p>  <h3>Effetti indesiderati</h3>  <p>Gli effetti indesiderati sotto riportati derivano da segnalazioni spontanee e non &egrave; pertanto possibile classificarli per categorie di frequenza. <i>Compresse</i>. <u>Disturbi del sistema immunitario</u>: In casi singoli sono state riportate reazioni allergiche e anafilattiche, con sintomi quali prurito, orticaria, angioedema, dolore addominale, difficolt&agrave; respiratorie, tachicardia, palpitazioni e shock. <u>Patologie gastrointestinali</u>: Sono stati riportati lievi disturbi gastrointestinali come nausea, vomito, diarrea e dolore addominale. <i>Fiale</i>. <u>Patologie sistemiche e condizioni relative alla sede di somministrazione</u>: Dolore nella sede di iniezione. <u>Disturbi del sistema immunitario</u>: Sono stati riportati, solitamente dopo iniezione endovenosa, intramuscolare o sottocutanea, reazioni allergiche e anafilattiche con sintomi quali prurito, orticaria, angioedema, dolore addominale, difficolt&agrave; respiratorie, tachicardia, palpitazioni e shock. Queste reazioni sono spesso precedute da starnuti o prurito transitorio.</p>  <h3>Sovradosaggio</h3>  <p><i>Compresse</i> Non sono stati riportati casi di sovradosaggio. <i>Fiale</i> Casi clinici isolati di reazioni tossiche alla somministrazione prolungata per via parenterale di tiamina rappresentano, probabilmente, reazioni di ipersensibilit&agrave;.</p>  <h3>Conservazione</h3>  <p><i>Compresse</i> Conservare nella confezione originale. <i>Fiale</i> Conservare a temperatura inferiore a 25&deg;C, nella confezione originale, al riparo dalla luce.</p>",BENERVA,1,1,4,10.04,,,,Taxable Goods,4,1,5281,004642031,2759,benerva-004642031
004642070,default,Default,simple,54,base,Benerva im 6f 100mg 1ml,Benerva*im 6f 100mg 1ml,Benerva*im 6f 100mg 1ml,1,1,4,9.04,,,,Taxable Goods,0,0,5281,004642070,2759,benerva-im-6f-100mg-1ml-004642070
004667010,default,Default,simple,54,base,Negatol conc 100ml 40%,Negatol*conc 100ml 40%,Negatol*conc 100ml 40%,1,1,4,5.85,,,,Taxable Goods,0,0,248,004667010,2759,negatol-conc-100ml-40-004667010
004667022,default,Default,simple,54,base,"Negatol 7 Ov Vag 0,1g+applic","Negatol*7 Ov Vag 0,1g+applic","Negatol*7 Ov Vag 0,1g+applic",1,1,4,10.80,,,,Taxable Goods,0,0,249,004667022,2759,negatol-7-ov-vag-0-1g-applic-004667022
004695045,default,Default,simple,54,base,"Colifagina S os 10fl 6,5ml","Colifagina S*os 10fl 6,5ml","Colifagina S*os 10fl 6,5ml",1,1,4,8.82,,,,Taxable Goods,0,0,250,004695045,2759,colifagina-s-os-10fl-6-5ml-004695045
004695072,default,Default,simple,54,base,Colifagina S 20cps,Colifagina S*20cps,Colifagina S*20cps,1,1,4,14.49,,,,Taxable Goods,0,0,250,004695072,2759,colifagina-s-20cps-004695072
004696050,default,Default,simple,54,base,Protovit os Gtt 15ml,Protovit*os Gtt 15ml,Protovit*os Gtt 15ml,1,1,4,4.77,,,,Taxable Goods,0,0,221,004696050,2759,protovit-os-gtt-15ml-004696050
004696062,default,Default,simple,54,base,Protovit 40cpr Mast,Protovit*40cpr Mast,Protovit*40cpr Mast,1,1,4,5.85,,,,Taxable Goods,0,0,221,004696062,2759,protovit-40cpr-mast-004696062
004758025,default,Default,simple,54,base,PURSENNID 12 MG COMPRESSE RIVESTITE,"<h3>Denominazione</h3>  <p>PURSENNID 12 MG COMPRESSE RIVESTITE</p>  <h3>Principi attivi</h3>  <p>Una compressa rivestita contiene: - Principio attivo: sennosidi A + B (come sali di calcio) 12 mg.- Eccipienti con effetti noti: lattosio monoidrato; glucosio anidro; saccarosio. Per l&rsquo;elenco completo degli eccipienti, vedere paragrafo 6.1.</p>  <h3>Eccipienti</h3>  <p><b>Lattosio monoidrato</b>; acido stearico; talco; amido di mais; <b>glucosio anidro</b>; <b>saccarosio</b>; gomma arabica; silice colloidale anidra; titanio diossido; cetile palmitato.</p>  <h3>Indicazioni terapeutiche</h3>  <p>Trattamento di breve durata della stitichezza occasionale.</p>  <h3>Posologia</h3>  <p><b>Posologia</b> Adulti e bambini sopra i 12 anni di et&agrave;: 2-4 compresse rivestite al giorno. Bambini tra i 10 e i 12 anni: 1-2 compresse rivestite al giorno.Dopo breve periodo di trattamento senza risultati apprezzabili consultare il medico. La dose corretta &egrave; quella minima sufficiente a produrre una facile evacuazione di feci molli. &Egrave; consigliabile usare inizialmente le dosi minime previste. Quando necessario, la dose pu&ograve; essere poi aumentata, ma senza mai superare quella massima indicata. <b>Popolazione pediatrica</b> Controindicato nei bambini di et&agrave; inferiore a 10 anni. <b>Modo di somministrazione</b> Assumere preferibilmente la sera. L&rsquo;azione di Pursennid si manifesta dopo 6-12 ore. Somministrato la sera, l&rsquo;effetto di Pursennid compare il mattino successivo. I lassativi devono essere usati il meno frequentemente possibile e per non pi&ugrave; di sette giorni. L&rsquo;uso per periodi di tempo maggiori richiede la prescrizione del medico dopo adeguata valutazione del singolo caso. Ingerire insieme ad una adeguata quantit&agrave; di acqua (un bicchiere abbondante). Una dieta ricca di liquidi favorisce l&rsquo;effetto del medicinale.</p>  <h3>Controindicazioni</h3>  <p>Ipersensibilit&agrave; al principio attivo o ad uno qualsiasi degli eccipienti elencati al paragrafo 6.1. Controindicato qualora sussistano le seguenti condizioni mediche: - Malattie infiammatorie dell&rsquo;apparato digerente (i.e. Morbo di Crohn, rettocolite ulcerosa, epatopatie, peritoniti e malattie infiammatorie intestinali); - Irritazione o ostruzione del tratto gastrointestinale (i.e. costipazione spastica, ostruzione dell&rsquo;ileo/preileo, crampi e dolori, nausea, vomito e coliche); - Sintomi addominali che possono essere dovuti ad una condizione sottostante non diagnosticata, come condizioni acute intestinali che possono richiedere un intervento chirurgico (i.e. diverticolite acuta, appendicite e diarrea massiva); - stati di severa disidratazione, con perdita di acqua ed elettroliti, specialmente ipopotassiemia. Controindicato nei bambini di et&agrave; inferiore a 10 anni.</p>  <h3>Avvertenze e precauzioni</h3>  <p>La dose stabilita non deve essere superata. L&rsquo;uso indiscriminato prolungato dei lassativi pu&ograve; portare ad assuefazione e ad un deterioramento delle funzioni intestinali. Deve essere impiegato il dosaggio efficace pi&ugrave; basso per il ristabilirsi della normale funzione intestinale. Se non &egrave; stato raggiunto alcun miglioramento a livello intestinale, il dosaggio pu&ograve; essere aumentato sotto supervisione medica. I prodotti contenenti senna e sennosidi devono essere usati solamente se non pu&ograve; essere ottenuto un effetto terapeutico attraverso un cambiamento della dieta o la somministrazione di agenti formanti massa. L&rsquo;uso di questi farmaci richiede la supervisione medica: - se non si sortiscono effetti positivi a seguito del trattamento; - se l&rsquo;uso si prolunga oltre una settimana di trattamento;- se i sintomi persistono o peggiorano; - dopo una laparotomia o chirurgia addominale; - se &egrave; presente eruzione cutanea, perch&egrave; pu&ograve; essere un segnale di ipersensibilit&agrave;; - se sono presenti nausea e vomito, perch&eacute; questi sintomi possono essere segni di un potenziale o esistente blocco intestinale (ileo); - in bambini tra i 10 e i 12 anni. <u>Informazioni relative agli eccipienti</u> - Lattosio: i pazienti affetti da rari problemi ereditari di intolleranza al galattosio, da deficit totale di lattasi, o da malassorbimento di glucosio-galattosio, non devono assumere questo medicinale. - Glucosio: i pazienti affetti da rari problemi di malassorbimento di glucosio-galattosio, non devono assumere questo medicinale. - Saccarosio: i pazienti affetti da rari problemi ereditari di intolleranza al fruttosio, da malassorbimento di glucosio-galattosio, o da insufficienza di sucrasi isomaltasi, non devono assumere questo medicinale.</p>  <h3>Interazioni</h3>  <p>L&rsquo;uso concomitante di altri farmaci che inducono ipopotassiemia (i.e. diuretici, adrenocorticosteroidi e liquirizia) pu&ograve; aumentare lo sbilanciamento elettrolitico. L&rsquo;ipopotassiemia (derivante da abuso di lassativi assunti per lungo tempo) potenzia l&rsquo;azione dei glicosidi cardiaci e interferisce con i farmaci antiaritmici, con altri farmaci che inducono il ritorno al ritmo sinusale (chinidina) e con farmaci che inducono l&rsquo;allungamento dell&rsquo;intervallo Q-T.</p>  <h3>Gravidanza e allattamento</h3>  <p><u>Gravidanza</u> Non sono disponibili dati adeguati sull&rsquo;uso dei sennosidi nelle donne in gravidanza. Gli studi sugli animali non hanno mostrato una tossicit&agrave; riproduttiva. Il rischio potenziale per l&rsquo;uomo non &egrave; noto. Le donne in gravidanza devono consultare il medico prima di assumere questo medicinale. <u>Allattamento</u> L&rsquo;uso durante l&rsquo;allattamento non &egrave; raccomandato poich&eacute; non vi sono dati sufficienti sull&rsquo;escrezione dei metaboliti nel latte materno. Piccole quantit&agrave; di metaboliti (reina) sono escreti nel latte materno. Non &egrave; stato riportato alcun effetto lassativo sui neonati allattati al seno. <u>Fertilit&agrave;</u> Studi preclinici con sennosidi non indicano rischi particolari per la fertilit&agrave; alle dosi terapeuticamente rilevanti.</p>  <h3>Effetti sulla guida e sull'uso di macchinari</h3>  <p>Questo medicinale non altera o altera in modo trascurabile la capacit&agrave; di guidare veicoli o di usare macchinari.</p>  <h3>Effetti indesiderati</h3>  <p>Questo medicinale pu&ograve; causare lieve malessere addominale come dolore addominale, crampi, irritazione della mucosa colica e gastrica. Sono stati anche segnalati altri effetti quali disidratazione, ipotensione, fatica, miopatie, dolore di stomaco, iponatremia, disordini renali, iperaldosteronismo secondario, ipocalcemia e ipomagnesemia. Queste reazioni avverse sono solitamente reversibili una volta interrotta l&rsquo;assunzione del lassativo. L&rsquo;uso prolungato o il sovradosaggio di questo farmaco possono causare nausea, diarrea con eccessiva perdita di elettroliti, specialmente potassio (ipopotassiemia). C&rsquo;&egrave; anche la possibilit&agrave; di sviluppare megacolon. Durante il trattamento pu&ograve; manifestarsi una colorazione giallo-brunastra (pH-dipendente) delle urine dovuta ai metaboliti, che non ha alcun significato clinico. &Egrave; stata segnalata assuefazione dopo trattamento prolungato. Le reazioni avverse sono elencate di seguito in base al sistema organi classi e frequenza. Le frequenze sono definite come: <i>molto comune</i> (&ge; 1/10), <i>comune</i> (&ge; 1/100, &lt; 1/10); <i>non comune</i> (&ge; 1/1.000, &lt; 1/100); <i>raro</i> (&ge; 1/10.000; &lt; 1/1.000); <i>molto raro</i> (&lt; 1/10.000), o <i>non nota</i> (la frequenza non pu&ograve; essere definita sulla base dei dati disponibili). <b>Tabella 4-1 Effetti indesiderati nell&rsquo;esperienza post-commercializzazione </b> <table border=1 cellspacing=0 cellpadding=3> <tr> <td> <b>Frequenza dell&rsquo;evento avverso</b> </td> <td> <b>Evento avverso</b> </td> </tr> <tr> <td colspan=2> <b>Disturbi del Sistema immunitario</b> </td> </tr> <tr> <td> Non nota</td> <td> Reazioni di ipersensibilit&agrave; (prurito, orticaria, esantema locale o generalizzato)</td> </tr> <tr> <td colspan=2> <b>Patologie gastrointestinali</b> </td> </tr> <tr> <td rowspan=6> Non nota</td> <td> Megacolon</td> </tr> <tr> <td> Dolore addominale</td> </tr> <tr> <td> Diarrea</td> </tr> <tr> <td> Nausea</td> </tr> <tr> <td> Malessere addominale</td> </tr> <tr> <td>&nbsp;</td> </tr> <tr> <td colspan=2> <b>Patologie sistemiche e condizioni relative alla sede di somministrazione</b> </td> </tr> <tr> <td rowspan=2> Non nota</td> <td> Fatica</td> </tr> <tr> <td> Tolleranza al farmaco</td> </tr> <tr> <td colspan=2> <b>Patologie del sistema muscoloscheletrico e del tessuto connettivo</b> </td> </tr> <tr> <td> Non nota</td> <td> Miopatia</td> </tr> <tr> <td colspan=2> <b>Patologie renali e urinarie </b> </td> </tr> <tr> <td> Non nota</td> <td> Problemi renali</td> </tr> <tr> <td> Non nota</td> <td> Cromaturia</td> </tr> <tr> <td colspan=2> <b>Disturbi del metabolismo e della nutrizione</b> </td> </tr> <tr> <td rowspan=7> Non nota</td> <td> Iperaldosteronismo</td> </tr> <tr> <td> Ipocalcemia</td> </tr> <tr> <td> Ipomagnesemia</td> </tr> <tr> <td> Disidratazione</td> </tr> <tr> <td> Ipopotassiemia</td> </tr> <tr> <td> Iponatremia</td> </tr> <tr> <td> Diminuzione degli elettroliti ematici</td> </tr> <tr> <td colspan=2> <b>Patologie vascolari</b> </td> </tr> <tr> <td> Non nota</td> <td> Ipotensione</td> </tr> </table> Gli eventi avversi elencati sopra sono basati su segnalazioni spontanee post- commercializzazione e rappresentano una stima meno precisa dell&rsquo;incidenza che si otterrebbe negli studi clinici. <b>Popolazione pediatrica</b> Sono previsti la stessa frequenza, tipo e severit&agrave; degli eventi avversi nei bambini e negli adulti. <b>Segnalazione delle reazioni avverse sospette</b> La segnalazione delle reazioni avverse sospette che si verificano dopo l&rsquo;autorizzazione del medicinale &egrave; importante, in quanto permette un monitoraggio continuo del rapporto beneficio/rischio del medicinale. Agli operatori sanitari &egrave; richiesto di segnalare qualsiasi reazione avversa sospetta tramite il sistema nazionale di segnalazione all&rsquo;indirizzo https://www.aifa.gov.it/content/segnalazioni-reazioni-avverse.</p>  <h3>Sovradosaggio</h3>  <p><b>Sintomi</b> I sintomi pi&ugrave; importanti correlati al sovradosaggio/uso eccessivo sono coliche addominali e diarrea severa con conseguenti perdite di fluidi e di elettroliti, che devono essere rimpiazzati. La diarrea in special modo pu&ograve; causare perdita di potassio, che pu&ograve; portare a disordini cardiaci e astenia muscolare, particolarmente quando sono somministrati allo stesso tempo glicosidi cardiaci, diuretici, adrenocorticosteroidi o radice di liquirizia. <b>Gestione</b> Il trattamento deve essere di supporto con quantitativi generosi di liquidi. Gli elettroliti, specialmente il potassio, devono essere monitorati. Ci&ograve; &egrave; particolarmente importante negli anziani. Un sovradosaggio cronico di farmaci a base di antrachinoni pu&ograve; causare epatite tossica. Ulteriori modalit&agrave; di trattamento devono tenere in considerazione le indicazioni cliniche o la raccomandazione del centro antiveleni, dove disponibile.</p>  <h3>Conservazione</h3>  <p>Questo medicinale non richiede alcuna condizione particolare di conservazione.</p>",PURSENNID 12 MG COMPRESSE RIVESTITE,1,1,4,10,,,,Taxable Goods,100,1,3999,004758025,4473,pursennid-12-mg-compresse-rivestite-004758025
004758049,default,Default,simple,54,base,PURSENNID 12 MG COMPRESSE RIVESTITE,"<h3>Denominazione</h3>  <p>PURSENNID 12 MG COMPRESSE RIVESTITE</p>  <h3>Principi attivi</h3>  <p>Una compressa rivestita contiene: - Principio attivo: sennosidi A + B (come sali di calcio) 12 mg.- Eccipienti con effetti noti: lattosio monoidrato; glucosio anidro; saccarosio. Per l&rsquo;elenco completo degli eccipienti, vedere paragrafo 6.1.</p>  <h3>Eccipienti</h3>  <p><b>Lattosio monoidrato</b>; acido stearico; talco; amido di mais; <b>glucosio anidro</b>; <b>saccarosio</b>; gomma arabica; silice colloidale anidra; titanio diossido; cetile palmitato.</p>  <h3>Indicazioni terapeutiche</h3>  <p>Trattamento di breve durata della stitichezza occasionale.</p>  <h3>Posologia</h3>  <p><b>Posologia</b> Adulti e bambini sopra i 12 anni di et&agrave;: 2-4 compresse rivestite al giorno. Bambini tra i 10 e i 12 anni: 1-2 compresse rivestite al giorno.Dopo breve periodo di trattamento senza risultati apprezzabili consultare il medico. La dose corretta &egrave; quella minima sufficiente a produrre una facile evacuazione di feci molli. &Egrave; consigliabile usare inizialmente le dosi minime previste. Quando necessario, la dose pu&ograve; essere poi aumentata, ma senza mai superare quella massima indicata. <b>Popolazione pediatrica</b> Controindicato nei bambini di et&agrave; inferiore a 10 anni. <b>Modo di somministrazione</b> Assumere preferibilmente la sera. L&rsquo;azione di Pursennid si manifesta dopo 6-12 ore. Somministrato la sera, l&rsquo;effetto di Pursennid compare il mattino successivo. I lassativi devono essere usati il meno frequentemente possibile e per non pi&ugrave; di sette giorni. L&rsquo;uso per periodi di tempo maggiori richiede la prescrizione del medico dopo adeguata valutazione del singolo caso. Ingerire insieme ad una adeguata quantit&agrave; di acqua (un bicchiere abbondante). Una dieta ricca di liquidi favorisce l&rsquo;effetto del medicinale.</p>  <h3>Controindicazioni</h3>  <p>Ipersensibilit&agrave; al principio attivo o ad uno qualsiasi degli eccipienti elencati al paragrafo 6.1. Controindicato qualora sussistano le seguenti condizioni mediche: - Malattie infiammatorie dell&rsquo;apparato digerente (i.e. Morbo di Crohn, rettocolite ulcerosa, epatopatie, peritoniti e malattie infiammatorie intestinali); - Irritazione o ostruzione del tratto gastrointestinale (i.e. costipazione spastica, ostruzione dell&rsquo;ileo/preileo, crampi e dolori, nausea, vomito e coliche); - Sintomi addominali che possono essere dovuti ad una condizione sottostante non diagnosticata, come condizioni acute intestinali che possono richiedere un intervento chirurgico (i.e. diverticolite acuta, appendicite e diarrea massiva); - stati di severa disidratazione, con perdita di acqua ed elettroliti, specialmente ipopotassiemia. Controindicato nei bambini di et&agrave; inferiore a 10 anni.</p>  <h3>Avvertenze e precauzioni</h3>  <p>La dose stabilita non deve essere superata. L&rsquo;uso indiscriminato prolungato dei lassativi pu&ograve; portare ad assuefazione e ad un deterioramento delle funzioni intestinali. Deve essere impiegato il dosaggio efficace pi&ugrave; basso per il ristabilirsi della normale funzione intestinale. Se non &egrave; stato raggiunto alcun miglioramento a livello intestinale, il dosaggio pu&ograve; essere aumentato sotto supervisione medica. I prodotti contenenti senna e sennosidi devono essere usati solamente se non pu&ograve; essere ottenuto un effetto terapeutico attraverso un cambiamento della dieta o la somministrazione di agenti formanti massa. L&rsquo;uso di questi farmaci richiede la supervisione medica: - se non si sortiscono effetti positivi a seguito del trattamento; - se l&rsquo;uso si prolunga oltre una settimana di trattamento;- se i sintomi persistono o peggiorano; - dopo una laparotomia o chirurgia addominale; - se &egrave; presente eruzione cutanea, perch&egrave; pu&ograve; essere un segnale di ipersensibilit&agrave;; - se sono presenti nausea e vomito, perch&eacute; questi sintomi possono essere segni di un potenziale o esistente blocco intestinale (ileo); - in bambini tra i 10 e i 12 anni. <u>Informazioni relative agli eccipienti</u> - Lattosio: i pazienti affetti da rari problemi ereditari di intolleranza al galattosio, da deficit totale di lattasi, o da malassorbimento di glucosio-galattosio, non devono assumere questo medicinale. - Glucosio: i pazienti affetti da rari problemi di malassorbimento di glucosio-galattosio, non devono assumere questo medicinale. - Saccarosio: i pazienti affetti da rari problemi ereditari di intolleranza al fruttosio, da malassorbimento di glucosio-galattosio, o da insufficienza di sucrasi isomaltasi, non devono assumere questo medicinale.</p>  <h3>Interazioni</h3>  <p>L&rsquo;uso concomitante di altri farmaci che inducono ipopotassiemia (i.e. diuretici, adrenocorticosteroidi e liquirizia) pu&ograve; aumentare lo sbilanciamento elettrolitico. L&rsquo;ipopotassiemia (derivante da abuso di lassativi assunti per lungo tempo) potenzia l&rsquo;azione dei glicosidi cardiaci e interferisce con i farmaci antiaritmici, con altri farmaci che inducono il ritorno al ritmo sinusale (chinidina) e con farmaci che inducono l&rsquo;allungamento dell&rsquo;intervallo Q-T.</p>  <h3>Gravidanza e allattamento</h3>  <p><u>Gravidanza</u> Non sono disponibili dati adeguati sull&rsquo;uso dei sennosidi nelle donne in gravidanza. Gli studi sugli animali non hanno mostrato una tossicit&agrave; riproduttiva. Il rischio potenziale per l&rsquo;uomo non &egrave; noto. Le donne in gravidanza devono consultare il medico prima di assumere questo medicinale. <u>Allattamento</u> L&rsquo;uso durante l&rsquo;allattamento non &egrave; raccomandato poich&eacute; non vi sono dati sufficienti sull&rsquo;escrezione dei metaboliti nel latte materno. Piccole quantit&agrave; di metaboliti (reina) sono escreti nel latte materno. Non &egrave; stato riportato alcun effetto lassativo sui neonati allattati al seno. <u>Fertilit&agrave;</u> Studi preclinici con sennosidi non indicano rischi particolari per la fertilit&agrave; alle dosi terapeuticamente rilevanti.</p>  <h3>Effetti sulla guida e sull'uso di macchinari</h3>  <p>Questo medicinale non altera o altera in modo trascurabile la capacit&agrave; di guidare veicoli o di usare macchinari.</p>  <h3>Effetti indesiderati</h3>  <p>Questo medicinale pu&ograve; causare lieve malessere addominale come dolore addominale, crampi, irritazione della mucosa colica e gastrica. Sono stati anche segnalati altri effetti quali disidratazione, ipotensione, fatica, miopatie, dolore di stomaco, iponatremia, disordini renali, iperaldosteronismo secondario, ipocalcemia e ipomagnesemia. Queste reazioni avverse sono solitamente reversibili una volta interrotta l&rsquo;assunzione del lassativo. L&rsquo;uso prolungato o il sovradosaggio di questo farmaco possono causare nausea, diarrea con eccessiva perdita di elettroliti, specialmente potassio (ipopotassiemia). C&rsquo;&egrave; anche la possibilit&agrave; di sviluppare megacolon. Durante il trattamento pu&ograve; manifestarsi una colorazione giallo-brunastra (pH-dipendente) delle urine dovuta ai metaboliti, che non ha alcun significato clinico. &Egrave; stata segnalata assuefazione dopo trattamento prolungato. Le reazioni avverse sono elencate di seguito in base al sistema organi classi e frequenza. Le frequenze sono definite come: <i>molto comune</i> (&ge; 1/10), <i>comune</i> (&ge; 1/100, &lt; 1/10); <i>non comune</i> (&ge; 1/1.000, &lt; 1/100); <i>raro</i> (&ge; 1/10.000; &lt; 1/1.000); <i>molto raro</i> (&lt; 1/10.000), o <i>non nota</i> (la frequenza non pu&ograve; essere definita sulla base dei dati disponibili). <b>Tabella 4-1 Effetti indesiderati nell&rsquo;esperienza post-commercializzazione </b> <table border=1 cellspacing=0 cellpadding=3> <tr> <td> <b>Frequenza dell&rsquo;evento avverso</b> </td> <td> <b>Evento avverso</b> </td> </tr> <tr> <td colspan=2> <b>Disturbi del Sistema immunitario</b> </td> </tr> <tr> <td> Non nota</td> <td> Reazioni di ipersensibilit&agrave; (prurito, orticaria, esantema locale o generalizzato)</td> </tr> <tr> <td colspan=2> <b>Patologie gastrointestinali</b> </td> </tr> <tr> <td rowspan=6> Non nota</td> <td> Megacolon</td> </tr> <tr> <td> Dolore addominale</td> </tr> <tr> <td> Diarrea</td> </tr> <tr> <td> Nausea</td> </tr> <tr> <td> Malessere addominale</td> </tr> <tr> <td>&nbsp;</td> </tr> <tr> <td colspan=2> <b>Patologie sistemiche e condizioni relative alla sede di somministrazione</b> </td> </tr> <tr> <td rowspan=2> Non nota</td> <td> Fatica</td> </tr> <tr> <td> Tolleranza al farmaco</td> </tr> <tr> <td colspan=2> <b>Patologie del sistema muscoloscheletrico e del tessuto connettivo</b> </td> </tr> <tr> <td> Non nota</td> <td> Miopatia</td> </tr> <tr> <td colspan=2> <b>Patologie renali e urinarie </b> </td> </tr> <tr> <td> Non nota</td> <td> Problemi renali</td> </tr> <tr> <td> Non nota</td> <td> Cromaturia</td> </tr> <tr> <td colspan=2> <b>Disturbi del metabolismo e della nutrizione</b> </td> </tr> <tr> <td rowspan=7> Non nota</td> <td> Iperaldosteronismo</td> </tr> <tr> <td> Ipocalcemia</td> </tr> <tr> <td> Ipomagnesemia</td> </tr> <tr> <td> Disidratazione</td> </tr> <tr> <td> Ipopotassiemia</td> </tr> <tr> <td> Iponatremia</td> </tr> <tr> <td> Diminuzione degli elettroliti ematici</td> </tr> <tr> <td colspan=2> <b>Patologie vascolari</b> </td> </tr> <tr> <td> Non nota</td> <td> Ipotensione</td> </tr> </table> Gli eventi avversi elencati sopra sono basati su segnalazioni spontanee post- commercializzazione e rappresentano una stima meno precisa dell&rsquo;incidenza che si otterrebbe negli studi clinici. <b>Popolazione pediatrica</b> Sono previsti la stessa frequenza, tipo e severit&agrave; degli eventi avversi nei bambini e negli adulti. <b>Segnalazione delle reazioni avverse sospette</b> La segnalazione delle reazioni avverse sospette che si verificano dopo l&rsquo;autorizzazione del medicinale &egrave; importante, in quanto permette un monitoraggio continuo del rapporto beneficio/rischio del medicinale. Agli operatori sanitari &egrave; richiesto di segnalare qualsiasi reazione avversa sospetta tramite il sistema nazionale di segnalazione all&rsquo;indirizzo https://www.aifa.gov.it/content/segnalazioni-reazioni-avverse.</p>  <h3>Sovradosaggio</h3>  <p><b>Sintomi</b> I sintomi pi&ugrave; importanti correlati al sovradosaggio/uso eccessivo sono coliche addominali e diarrea severa con conseguenti perdite di fluidi e di elettroliti, che devono essere rimpiazzati. La diarrea in special modo pu&ograve; causare perdita di potassio, che pu&ograve; portare a disordini cardiaci e astenia muscolare, particolarmente quando sono somministrati allo stesso tempo glicosidi cardiaci, diuretici, adrenocorticosteroidi o radice di liquirizia. <b>Gestione</b> Il trattamento deve essere di supporto con quantitativi generosi di liquidi. Gli elettroliti, specialmente il potassio, devono essere monitorati. Ci&ograve; &egrave; particolarmente importante negli anziani. Un sovradosaggio cronico di farmaci a base di antrachinoni pu&ograve; causare epatite tossica. Ulteriori modalit&agrave; di trattamento devono tenere in considerazione le indicazioni cliniche o la raccomandazione del centro antiveleni, dove disponibile.</p>  <h3>Conservazione</h3>  <p>Questo medicinale non richiede alcuna condizione particolare di conservazione.</p>",PURSENNID 12 MG COMPRESSE RIVESTITE,1,1,4,7.38,,,,Taxable Goods,0,0,3999,004758049,2759,pursennid-12-mg-compresse-rivestite-004758049
004763037,default,Default,simple,54,base,"Aspirina ad 20cpr 0,5g","Aspirina*ad 20cpr 0,5g","Aspirina*ad 20cpr 0,5g",1,1,4,3.56,,,,Taxable Goods,0,0,221,004763037,2759,aspirina-ad-20cpr-0-5g-004763037
004763153,default,Default,simple,54,base,ASPIRINA 400 MG GRANULATO EFFERVESCENTE CON VITAMINA C,"<h3>Denominazione</h3>  <p>ASPIRINA 400 MG GRANULATO EFFERVESCENTE CON VITAMINA C</p>  <h3>Principi attivi</h3>  <p>Una bustina da contiene: <u>principi attivi</u>: acido acetilsalicilico: 400 mg; acido ascorbico (vitamina C): 240 mg. Eccipienti: saccarosio, sicovit (E110). Per l&rsquo;elenco completo degli eccipienti vedere paragrafo 6.1.</p>  <h3>Eccipienti</h3>  <p>Acido citrico; sodio citrato monobasico; sodio bicarbonato; sodio carbonato; concentrato d'arancia; aroma di arancia in polvere; saccarina E 110; saccarosio.</p>  <h3>Indicazioni terapeutiche</h3>  <p>Terapia sintomatica degli stati febbrili e delle sindromi influenzali e da raffreddamento. Trattamento sintomatico di mal di testa e di denti, nevralgie, dolori mestruali, dolori reumatici e muscolari.</p>  <h3>Posologia</h3>  <p>Adulti Versare in mezzo bicchiere d'acqua, o pi&ugrave;, il contenuto della bustina. Mescolare con un cucchiaino. Prima di bere attendere che cessi la lieve effervescenza. 1 bustina ripetendo, se necessario, la dose ad intervalli di 4-8 ore fino a 3-4 volte al giorno. L'uso del prodotto &egrave; riservato ai soli pazienti adulti. Utilizzare sempre il dosaggio minimo efficace ed aumentarlo solo se non &egrave; sufficiente ad alleviare i sintomi (dolore e febbre). I soggetti maggiormente esposti al rischio di effetti indesiderati gravi, che possono usare il farmaco solo se prescritto dal medico, devono seguirne scrupolosamente le istruzioni (vedere paragrafo 4.4). Non assumere il prodotto per pi&ugrave; di 3-5 giorni senza il parere del medico. Consultare il medico nel caso in cui i sintomi persistano. Usare il medicinale per il periodo pi&ugrave; breve possibile. Assumere il medicinale preferibilmente dopo i pasti principali o, comunque, a stomaco pieno. <b>Popolazioni speciali</b> <b> <i> <u>Popolazione pediatrica</u> </i> </b> Aspirina granulato effervescente con vitamina C non &egrave; indicato per l&rsquo;uso nella popolazione pediatrica ( vedere paragrafo 4.4). <b> <i> <u>Anziani</u> </i> </b> Nei pazienti anziani utilizzare il dosaggio minimo efficace <b> <i> <u>Pazienti con compromissione della funzione epatica </u> </i> </b> L&rsquo;acido acetilsalicilico deve essere usato con cautela nei pazienti con compromissione della funzione epatica (vedere paragrafo 4.4). <b> <i> <u>Pazienti con compromissione della funzione renale </u> </i> </b> L&rsquo;acido acetilsalicilico deve essere usato con cautela nei pazienti con compromissione della funzione renale (vedere paragrafo 4.4).</p>  <h3>Controindicazioni</h3>  <p>ASPIRINA granulato effervescente con vitamina C &egrave; controindicata in caso di: - ipersensibilit&agrave; a principi attivi (acido acetilsalicilico e acido ascorbico), ad altri analgesici (antidolorifici)/antipiretici (antifebbrili) / farmaci antinfiammatori non steroidei (FANS) o ad uno qualsiasi degli eccipienti; - ulcera gastroduodenale; - diatesi emorragica; - Insufficienza renale, cardiaca o epatica gravi - deficit della glucosio -6-fosfato deidrogenasi (G6PD/favismo);- trattamento concomitante con metotrexato (a dosi di 15 mg/settimana o pi&ugrave;) o con warfarin (vedere paragrafo 4.5); - anamnesi di asma indotta dalla somministrazione di salicilati o sostanze ad attivit&agrave; simile, in particolare farmaci antinfiammatori non steroidei; - ultimo trimestre di gravidanza e allattamento (vedere paragrafo 4.6); - bambini e ragazzi di et&agrave; inferiore a 16 anni; - Nefrolitiasi o storia pregressa di nefrolitiasi; - Iperossaluria; - Emocromatosi.</p>  <h3>Avvertenze e precauzioni</h3>  <p><b>Reazioni di ipersensibilit&agrave;</b> L&rsquo;acido acetilsalicilico e gli altri FANS possono causare reazioni di ipersensibilit&agrave; (compresi attacchi d&rsquo;asma, rinite, angioedema o orticaria). Il rischio &egrave; maggiore nei soggetti che gi&agrave; in passato hanno presentato una reazione di ipersensibilit&agrave; dopo l&rsquo;uso di questo tipo di farmaci (vedere paragrafo 4.3) e nei soggetti che presentano reazioni allergiche ad altre sostanze (es. reazioni cutanee, prurito, orticaria). Nei soggetti con asma e/o rinite (con o senza poliposi nasale) e/o orticaria le reazioni possono essere pi&ugrave; frequenti e gravi. In rari casi le reazioni possono essere molto gravi e potenzialmente fatali. Nei casi seguenti la somministrazione del farmaco richiede la prescrizione del medico dopo accurata valutazione del rapporto rischio/beneficio: - <i>Soggetti a maggior rischio di reazioni di ipersensibilit&agrave; (vedi sopra)</i> - <i>Soggetti a maggiore rischio di lesioni gastrointestinali</i> L&rsquo;acido acetilsalicilico e gli altri FANS possono causare gravi effetti indesiderati a livello gastrointestinale (sanguinamento, ulcera, perforazione). Per tale motivo questi farmaci non devono essere usati dai soggetti affetti da ulcera gastrointestinale o sanguinamenti gastrointestinali. &Egrave; prudente che ne evitino l&rsquo;uso anche coloro che in passato hanno sofferto di ulcera gastrointestinale o sanguinamenti gastrointestinali. Il rischio di lesioni gastrointestinali &egrave; un effetto dose correlato, in quanto la gastrolesivit&agrave; &egrave; maggiore in soggetti che fanno un uso di dosi pi&ugrave; elevate di acido acetilsalicilico. Anche i soggetti con abitudine all&rsquo;assunzione di forti quantit&agrave; di alcool sono maggiormente esposti al rischio di lesioni gastrointestinali (sanguinamenti in particolare) (vedere paragrafo 4.5). - <i>Soggetti con difetti della coagulazione o in trattamento con anticoagulanti</i> Nei soggetti affetti da difetti della coagulazione o in trattamento con anticoagulanti l&rsquo;acido acetilsalicilico e gli altri FANS possono causare una grave riduzione delle capacit&agrave; emostatiche esponendo a rischio di emorragia. - <i>Soggetti con compromissione della funzione renale o cardiaca o epatica</i> L&rsquo;acido acetilsalicilico e gli altri FANS possono essere causa di una riduzione critica della funzione renale e di ritenzione idrica; il rischio &egrave; maggiore nei soggetti in trattamento con diuretici. Ci&ograve; pu&ograve; essere particolarmente pericoloso per gli anziani e per i soggetti con compromissione della funzione renale o cardiaca o epatica. - <i>Soggetti affetti da asma</i> L&rsquo;acido acetilsalicilico e gli altri FANS possono causare un aggravamento dell&rsquo;asma. - <i>Et&agrave; geriatrica (specialmente al di sopra dei 75 anni)</i> Il rischio di effetti indesiderati gravi &egrave; maggiore nei soggetti in et&agrave; geriatrica. I soggetti di et&agrave; superiore ai 70 anni, soprattutto in presenza di terapie concomitanti, devono usare Aspirina 400 mg granulato effervescente solo dopo aver consultato il medico. Aspirina 400mg granulato effervescente non deve essere utilizzato nella popolazione pediatrica (vedere paragrafo 4.3). I prodotti contenenti acido acetilsalicilico non devono essere utilizzati nei bambini e negli adolescenti di et&agrave; inferiore ai 16 anni con infezioni virali, a prescindere dalla presenza o meno di febbre. In certe affezioni virali, specialmente influenza A, influenza B e varicella, esiste il rischio di Sindrome di Reye, una malattia molto rara, ma pericolosa per la vita, che richiede un immediato intervento medico. Il rischio puo&rsquo; essere aumentato in caso di assunzione contemporanea di acido acetilsalicilico, sebbene non sia stata dimostrata una relazione causale. Il vomito persistente in pazienti affetti da queste malattie puo&rsquo; essere un segno di Sindrome di Reye. - <i>Soggetti con iperuricemia/gotta</i> L&rsquo;acido acetilsalicilico pu&ograve; interferire con l&rsquo;eliminazione dell&rsquo;acido urico: alte dosi hanno un effetto uricosurico mentre dosi (molto) basse possono ridurne l&rsquo;escrezione. Occorre inoltre considerare che l&rsquo;acido acetilsalicilico e gli altri FANS possono mascherare i sintomi della gotta ritardandone la diagnosi. &Egrave; anche possibile un effetto antagonista con i farmaci uricosurici (vedere paragrafo 4.5).- <i>Soggetti con predisposizione alla nefrolitiasi calcio-ossalica (calcolosi renale) o con nefrolitiasi ricorrente</i> La vitamina C (acido ascorbico) deve essere usata con cautela da soggetti con predisposizione alla nefrolitiasi calcio-ossalica (calcolosi renale) o con nefrolitiasi ricorrente. - <i>Associazione di farmaci non raccomandate o che richiedono precauzioni particolari o un aggiustamento del dosaggio</i>. L&rsquo;uso di acido acetilsalicilico in associazione ad alcuni farmaci pu&ograve; aumentare il rischio di effetti indesiderati gravi (vedere paragrafo 4.5). Non usare l&rsquo;acido acetilsalicilico insieme ad un altro FANS o, comunque, non usare pi&ugrave; di un FANS per volta. <i>Sodio</i> Questo medicinale contiene 469 mg di sodio per bustina equivalente a 23% dell'assunzione massima giornaliera raccomandata dall'OMS che corrisponde a 2 g di sodio per un adulto. <i>Saccarosio</i> Questo medicinale contiene 5,6 g di saccarosio per bustina. Da tenere in considerazione in persone affette da diabete mellito. I pazienti affetti da rari problemi ereditari di intolleranza al fruttosio, da malassorbimento di glucosio-galattosio, o da insufficienza di sucrasi isomaltasi, non devono assumere questo medicinale. <i>Colorante giallo arancio (E 110)</i> Pu&ograve; causare reazioni allergiche. Se si deve essere sottoposti ad un intervento chirurgico (anche di piccola entit&agrave;, ad esempio l&rsquo;estrazione di un dente) e nei giorni precedenti si &egrave; fatto uso di acido acetilsalicilico o di un altro FANS occorre informarne il chirurgo per i possibili effetti sulla coagulazione. Dato che l&rsquo;acido acetilsalicilico pu&ograve; essere causa di sanguinamento gastrointestinale occorre tenerne conto nel caso fosse necessario eseguire una ricerca del sangue occulto. Prima di somministrare un qualsiasi medicinale devono essere adottate tutte le precauzioni utili a prevenire reazioni indesiderate; particolarmente importante &egrave; l&rsquo;esclusione di precedenti reazioni di ipersensibilit&agrave; a questo o ad altri medicinali e l&rsquo;esclusione delle altre controindicazioni o delle condizioni che possono esporre a rischio di effetti indesiderati potenzialmente gravi sopra riportate. In caso di dubbio consultare il proprio medico o farmacista. L'assunzione del prodotto deve avvenire a stomaco pieno.</p>  <h3>Interazioni</h3>  <p>Associazioni controindicate<i> (evitare l&rsquo;uso concomitante - vedere paragrafo 4.3)</i> - <u>Metotrexato (dosi maggiori o uguali a 15 mg/settimana): </u>aumento dei livelli plasmatici e della tossicit&agrave; del metotrexato; il rischio di effetti tossici &egrave; maggiore se la funzione renale &egrave; compromessa. - <u>Warfarin:</u> grave aumento del rischio di emorragia per potenziamento dell&rsquo;effetto anticoagulante. Associazioni non raccomandate (l&rsquo;uso concomitante dei due farmaci richiede la prescrizione del medico dopo accurata valutazione del rapporto rischio/beneficio- vedere paragrafo 4.4) <u>Antiaggreganti piastrinici: </u>aumento del rischio di emorragia per somma dell&rsquo;effetto antiaggregante. <u>Trombolitici</u> o <u>Anticoagulanti orali o parenterali:</u> aumento del rischio di emorragia per potenziamento dell&rsquo;effetto farmacologico. <u>FANS</u> (uso topico escluso): aumento del rischio di effetti indesiderati gravi. <u>Metotrexato (dosi inferiori a 15mg/settimana): </u>l&rsquo;aumento del rischio di effetti tossici (vedi sopra) deve essere considerato anche per il trattamento con Metotrexato a bassi dosaggi. <u>Inibitori selettivi del re-uptake della Serotonina (SSRI):</u> incremento del rischio di sanguinamento dell&rsquo;apparato gastrointestinale superiore a causa di un possibile effetto sinergico. Associazioni che richiedono precauzioni particolari o un aggiustamento del dosaggio (l&rsquo;uso concomitante dei due farmaci richiede la prescrizione del medico dopo accurata valutazione del rapporto rischio/beneficio- vedere paragrafo 4.4) <u>ACE-inibitori: </u>riduzione dell&rsquo;effetto ipotensivo; aumento del rischio di compromissione della funzione renale. <u>Acido Valproico: </u>aumento dell&rsquo;effetto dell&rsquo;acido valproico (rischio di tossicit&agrave;). <u>Antiacidi:</u> gli antiacidi assunti contemporaneamente ad altri farmaci possono ridurne l&rsquo;assorbimento; l&rsquo;escrezione di acido acetilsalicilico aumenta nelle urine alcalinizzate. <u>Antidiabetici (es: insulina e ipoglicemizzanti orali)</u>: aumento dell&rsquo;effetto ipoglicemizzante; l&rsquo;uso dell&rsquo;acido acetilsalicilico nei soggetti in trattamento con antidiabetici deve tener conto del rischio di indurre ipoglicemia. <u>Digossina:</u> aumento della concentrazione plasmatica di digossina per diminuzione dell&rsquo;eliminazione renale. <u>Diuretici</u>: aumento del rischio di nefrotossicit&agrave; dell&rsquo;acido acetilsalicilico e degli altri FANS; riduzione dell&rsquo;effetto dei diuretici. <u>Acetazolamide</u>: ridotta eliminazione di acetazolamide (rischio di tossicit&agrave;) <u>Fenitoina: </u>aumento dell&rsquo;effetto della fenitoina. <u>Corticosteroidi </u>(esclusi quelli per uso topico e quelli impiegati per la terapia dell&rsquo; insufficienza corticosurrenale): a) aumento del rischio di lesioni gastrointestinali; b) a causa dell&rsquo;aumentata eliminazione dei salicilati indotta dai corticosteroidi si ha riduzione dei livelli plasmatici di salicilato.Per contro dopo interruzione del trattamento corticosteroideo, si puo&rsquo; verificare sovradosaggio di salicilati. <u>Metoclopramide: </u>aumento dell&rsquo;effetto dell&rsquo;acido acetilsalicilico per incremento della velocit&agrave; di assorbimento. <u>Uricosurici (es: probenecid, benzbromarone): </u>diminuzione dell&rsquo;effetto uricosurico. <u>Zafirlukast: </u>aumento della concentrazione plasmatica di zafirlukast. Deferoxamina: l&rsquo;uso concomitante di acido ascorbico pu&ograve; determinare un&rsquo; aumentata tossicit&agrave; tissutale del ferro specialmente a livello cardiaco e causare scompenso cardiaco. Aspirina 400mg granulato effervescente contiene sistemi tampone che potrebbero ridurre gli effetti dell&rsquo;ormone tiroideo Levotiroxina. <b>Alcool (vedere paragrafo 4.4)</b> La somma degli effetti dell&rsquo;alcool e dell&rsquo;acido acetilsalicilico provoca aumento del danno della mucosa gastrointestinale e prolungamento del tempo di sanguinamento. &Egrave; comunque opportuno non somministrare altri farmaci per via orale entro 1 o 2 ore dall&rsquo;impiego del prodotto. <b> <u>Interferenza con esami clinici di laboratorio </u> </b> Vitamina C Poich&eacute; la vitamina C &egrave; un agente riducente (cio&egrave; un donatore di elettroni), pu&ograve; causare interferenze chimiche nei test di laboratorio che comportano reazioni di ossido-riduzione, come le analisi del glucosio, creatinina, carbamazepina, acido urico nelle urine, nel siero e del sangue occulto nelle feci. La vitamina C pu&ograve; interferire con i test che misurano il glucosio urinario e sanguigno portando a una lettura falsificata dei risultati anche se non ha alcun effetto sui livelli di glucosio nel sangue.</p>  <h3>Gravidanza e allattamento</h3>  <p><u>Fertilit&agrave;</u> L&rsquo;uso di acido acetilsalicilico come di qualsiasi farmaco inibitore della sintesi delle prostaglandine e della cicloossigenasi potrebbe interferire con la fertilit&agrave;; di cio&rsquo; devono essere informati i soggetti di sesso femminile ed in particolare le donne che hanno problemi di fertilit&agrave; o che sono sottoposte ad indagini sulla fertilit&agrave;. <u>Gravidanza</u> L&rsquo;inibizione della sintesi delle prostaglandine pu&ograve; influire negativamente sulla gravidanza e/o sullo sviluppo embrio/fetale. Risultati di studi epidemiologici suggeriscono un aumentato rischio di aborto e di malformazione cardiaca e di gastroschisi dopo l&rsquo;uso di un inibitore della sintesi delle prostaglandine, nelle prime fasi della gravidanza. Il rischio assoluto di malformazioni cardiache era aumentato da meno dell&rsquo;1% fino a circa l&rsquo;1,5%. &Egrave; stato stimato che il rischio aumenta con la dose e la durata della terapia. Negli animali la somministrazione di inibitori della sintesi di prostaglandine ha mostrato di provocare un aumento della perdita di pre- e post- impianto e di mortalit&agrave; embrio-fetale. Inoltre, un aumento di incidenza di varie malformazioni, inclusa quella cardiovascolare, &egrave; stato riportato in animali a cui erano stati somministrati inibitori di sintesi delle prostaglandine, durante il periodo organogenetico. Durante il primo e secondo trimestre di gravidanza, l&rsquo;acido acetilsalicilico non deve essere somministrato se non in caso di effettiva necessit&agrave;. Qualora farmaci contenenti acido acetilsalicilico siano usati da una donna che cerca una gravidanza, o durante il primo e il secondo trimestre di gravidanza, il trattamento dovr&agrave; essere il pi&ugrave; breve possibile e la dose la piu&rsquo; bassa possibile. Durante il terzo trimestre di gravidanza, tutti gli inibitori della sintesi delle i prostaglandine possono esporre: il feto a: - tossicit&agrave; cardiopolmonare (con chiusura prematura del dotto arterioso e ipertensione polmonare); - disfunzione renale, che pu&ograve; progredire ad insufficienza renale con oligo-idroamnios; la madre e il nascituro, alla fine della gravidanza, a: - possibile prolungamento del tempo di sanguinamento, un effetto antiaggregante che pu&ograve; manifestarsi anche a dosi molto basse; - inibizione delle contrazioni uterine risultanti in ritardo o prolungamento del travaglio. Conseguentemente, l&rsquo;acido acetilsalicilico &egrave; controindicato durante il terzo trimestre di gravidanza. <u>Allattamento</u> ASPIRINA granulato effervescente con vitamina C &egrave; controindicata durante l&rsquo;allattamento (vedere paragrafo 4.3).</p>  <h3>Effetti sulla guida e sull'uso di macchinari</h3>  <p>A causa della possibile insorgenza di cefalea o vertigini, questo medicinale, pu&ograve; compromettere la capacit&agrave; di guidare veicoli e di usare macchinari.</p>  <h3>Effetti indesiderati</h3>  <p>Gli effetti indesiderati osservati pi&ugrave; frequentemente sono a carico dell&rsquo;apparato gastrointestinale e possono manifestarsi in circa il 4% dei soggetti che assumono acido acetilsalicilico come analgesico-antipiretico. Tale percentuale aumenta sensibilmente nei soggetti a rischio di disturbi gastrointestinali. Questi disturbi possono essere parzialmente alleviati assumendo il medicinale a stomaco pieno. La maggior parte degli effetti indesiderati sono dipendenti sia dalla dose che dalla durata del trattamento. Gli effetti indesiderati osservati con l&rsquo;acido acetilsalicilico sono generalmente comuni agli altri FANS. <b>Patologie del sistema emolinfopoietico</b>: prolungamento del tempo di sanguinamento, emorragia da sanguinamento gastrointestinale, riduzione delle piastrine (trombocitopenia) in casi estremamente rari. A seguito di emorragia pu&ograve; manifestarsi anemia emorragica/sideropenica (dovuta, per esempio, a microemorragie occulte) con le relative alterazioni dei parametri di laboratorio ed i relativi segni e sintomi clinici come astenia, pallore e ipoperfusione. <b>Patologie del sistema nervoso</b>: cefalea, capogiro. Raramente: sindrome di Reye (*). Da raramente a molto raramente: emorragia cerebrale, specialmente in pazienti con ipertensione non controllata e/o in terapia con anticoagulanti che, in casi, isolati, pu&ograve; risultare potenzialmente letale. <b>Patologie dell&rsquo;orecchio e del labirinto</b>: tinnito (ronzio/fruscio/tintinnio/fischio auricolare). <b>Patologie respiratorie, toraciche e mediastiniche</b>: malattia respiratoria esacerbata dall&rsquo; acido acetilsalicilico, sindrome asmatica, rinite (rinorrea profusa), congestione nasale (associate a reazioni d&rsquo;ipersensibilit&agrave;). Epistassi. <b> <i>Patologie cardiache</i> </b>: distress cardiorespiratorio (associato a reazioni d&rsquo;ipersensibilit&agrave;). <b> <i>Patologie dell&rsquo;occhio</i> </b>: congiuntivite (associato a reazioni d&rsquo;ipersensibilit&agrave;). <b>Patologie gastrointestinali</b>: sanguinamento gastrointestinale (occulto), disturbi gastrici, pirosi, dolore gastrointestinale gengivorragia. Vomito, diarrea, nausea, dolore addominale crampi forme (associate a reazioni d&rsquo;ipersensibilit&agrave;). Raramente: infiammazione gastrointestinale, erosione gastrointestinale, ulcerazione gastrointestinale, ematemesi (vomito di sangue o di materiale &ldquo;a posa di caff&egrave;&rdquo;), melena (emissione di feci nere, picee), esofagite. Molto raramente: ulcera gastrointestinale emorragica e/o perforazione gastrointestinale con i relativi segni e sintomi clinici ed alterazioni dei parametri di laboratorio. Frequenza non nota (soprattutto nel trattamento a lungo termine): - Malattia dei diaframmi intestinali. <b> <i>Patologie epatobiliari</i> </b>: raramente: epatotossicit&agrave; (lesione epatocellulare generalmente lieve e asintomatica) che si manifesta con un aumento delle transaminasi. <b> <i>Patologie della cute e dei tessuti sottocutanei</i> </b>:eruzione cutanea, edema, orticaria, prurito, eritema, angioedema (associate a reazioni di ipersensibilit&agrave;). <b> <i>Patologie renali ed urinarie</i> </b>: alterazione della funzione renale (in presenza di condizioni di alterata emodinamica renale) e lesione renale acuta, emorragie urogenitali. <b> <i>Patologie sistemiche e condizioni relative alla sede di somministrazione</i> </b>: emorragie procedurali, ematomi. <b> <i>Disturbi del sistema immunitario</i> </b>: raramente: shock anafilattico con le relative alterazioni dei parametri di laboratorio e manifestazioni cliniche. (*) Sindrome di Reye (SdR) La SdR si manifesta inizialmente con il vomito (persistente o ricorrente) e con altri segni di sofferenza encefalica di diversa entit&agrave;: da svogliatezza, sonnolenza o alterazioni della personalit&agrave; (irritabilit&agrave; o aggressivit&agrave;) a disorientamento, confusione o delirio fino a convulsioni o perdita di coscienza. &Egrave; da tener presente la variabilit&agrave; del quadro clinico: anche il vomito pu&ograve; mancare o essere sostituito dalla diarrea. Se questi sintomi insorgono nei giorni immediatamente successivi ad un episodio influenzale (o simil-influenzale o di varicella o ad un&rsquo;altra infezione virale) durante il quale &egrave; stato somministrato acido acetilsalicilico o altri medicinali contenenti salicilati, l&rsquo;attenzione del medico deve immediatamente essere rivolta alla possibilit&agrave; di una SdR. <u>Segnalazione delle reazioni avverse sospette</u> La segnalazione delle reazioni avverse sospette che si verificano dopo l&rsquo;autorizzazione del medicinale e&rsquo; importante, in quanto permette un monitoraggio continuo del rapporto beneficio/rischio del medicinale. Agli operatori sanitari &egrave; richiesto di segnalare qualsiasi reazione avversa sospetta tramite il sistema nazionale di segnalazione. Sito web: https://www.aifa.gov.it/content/segnalazioni-reazioni-avverse.</p>  <h3>Sovradosaggio</h3>  <p><u>Acido acetilsalicilico</u> La tossicit&agrave; da salicilati (un dosaggio superiore ai 100 mg/kg/giorno per 2 giorni consecutivi pu&ograve; indurre tossicit&agrave;) pu&ograve; essere la conseguenza di un&rsquo;assunzione cronica di dosi eccessive, oppure di sovradosaggio acuto, potenzialmente pericoloso per la vita e che comprende anche l&rsquo;ingestione accidentale nei bambini. <u>Intossicazione cronica da salicilati</u> L&rsquo;avvelenamento<b> cronico</b> da salicilati pu&ograve; essere insidioso dal momento che i segni e i sintomi sono aspecifici. Una lieve intossicazione cronica da salicilati, o salicilismo, in genere si verifica unicamente in seguito a utilizzo ripetuto di dosi considerevoli. Tra i sintomi vi sono il capogiro, le vertigini, il tinnito, la sordit&agrave;, la sudorazione, la nausea e il vomito, la cefalea e lo stato confusionale. Questi sintomi possono essere controllati riducendo il dosaggio. Il tinnito pu&ograve; manifestarsi a concentrazioni plasmatiche comprese tra i 150 e i 300 mi&Acirc;&ndash;crogrammi/ml, mentre a concentrazioni superiori ai 300 mi&Acirc;&ndash;crogrammi/ml si palesano eventi avversi pi&ugrave; gravi. <u>Intossicazione acuta da salicilati</u> La caratteristica principale dell'intossicazione<b> acuta</b> &egrave; una grave alterazione dell'equilibrio acido-base, che pu&ograve; variare con l'et&agrave; e la gravit&agrave; dell'intossicazione; la presentazione pi&ugrave; comune, nel bambino, &egrave; l'acidosi metabolica. Non &egrave; possibile stimare la gravit&agrave; dell'avvelenamento dalla sola concentrazione plasmatica; l'assorbimento dell&rsquo;acido acetilsalicilico pu&ograve; essere ritardato a causa di uno svuotamento gastrico ridotto, della formazione di concrezioni nello stomaco, o in conseguenza dell'ingestione di preparati gastroresistenti. La gestione di un'intossicazione da acido acetilsalicilico &egrave; determinata dall&rsquo;entit&agrave;, dallo stadio e dai sintomi clinici di quest'ultima, e deve essere attuata secondo le tecniche convenzionali di gestione degli avvelenamenti. Le misure principali da adottare consistono nell'accelerazione dell&rsquo;escrezione del farmaco e nel ripristino del metabolismo elettrolitico e acido-base. Per i complessi effetti fisiopatologici, connessi con l'avvelenamento da salicilati, i segni e sintomi/risultati delle indagini biochimiche e strumentali, possono comprendere: <table border=1 cellspacing=0 cellpadding=3> <tr> <td> <b> <i>Segni e sintomi</i> </b> </td> <td> <b> Risultati delle indagini biochimiche e strumentali</b> </td> <td> <b> <i> Misure terapeutiche</i> </b> </td> </tr> <tr> <td> <b>INTOSSICAZIONE DA LIEVE A MODERATA</b> </td> <td>&nbsp;</td> <td> Lavanda gastrica, somministrazione ripetuta di carbone attivo, diuresi alcalina forzata</td> </tr> <tr> <td> Tachipnea, iperventilazione, alcalosi respiratoria</td> <td> Alcalemia, alcaluria</td> <td> Gestione dei liquidi e degli elettroliti</td> </tr> <tr> <td> Sudorazione</td> <td>&nbsp;</td> <td>&nbsp;</td> </tr> <tr> <td> Nausea, vomito, cefalea, vertigini</td> <td>&nbsp;</td> <td>&nbsp;</td> </tr> <tr> <td> <b>INTOSSICAZIONE DA MODERATA A GRAVE</b> </td> <td>&nbsp;</td> <td> Lavanda gastrica, somministrazione ripetuta di carbone attivo, diuresi alcalina forzata, emodialisi nei casi gravi</td> </tr> <tr> <td> Alcalosi respiratoria con acidosi metabolica compensatoria,</td> <td> Acidemia, aciduria</td> <td> Gestione dei liquidi e degli elettroliti</td> </tr> <tr> <td> Iperpiressia</td> <td>&nbsp;</td> <td> Gestione dei liquidi e degli elettroliti</td> </tr> <tr> <td> Respiratori: variabili dall&rsquo;iperventilazione ed edema polmonare non cardiogeno fino all&rsquo;arresto respiratorio e asfissia</td> <td>&nbsp;</td> <td>&nbsp;</td> </tr> <tr> <td> Cardiovascolari: variabili dalle aritmie e ipotensione fino all&rsquo;arresto cardiocircolatorio</td> <td> Ad es. alterazione della pressione arteriosa, alterazione dell&rsquo;ECG</td> <td>&nbsp;</td> </tr> <tr> <td> Perdita di liquidi e di elettroliti: disidratazione, dall&rsquo;oliguria fino all&rsquo;insufficienza renale</td> <td> Ad es. ipokaliemia, iperna&Acirc;&ndash;triemia, iponatriemia, funzionalit&agrave; renale alterata</td> <td> Gestione dei liquidi e degli elettroliti</td> </tr> <tr> <td> Alterazioni del metabolismo glucidico, cheto&Acirc;&ndash;si</td> <td> Iperglicemia, ipoglicemia (specialmente nei bambini) Incrementati livelli dei chetoni</td> <td>&nbsp;</td> </tr> <tr> <td> Tinnito, sordit&agrave;</td> <td>&nbsp;</td> <td>&nbsp;</td> </tr> <tr> <td> Gastrointestinali: sanguinamento gastrointestinale, ulcera gastrica</td> <td>&nbsp;</td> <td>&nbsp;</td> </tr> <tr> <td> Ematologici: coagulopatia, anemia sideropenica</td> <td> Ad es. prolungamento del PT, ipoprotrombinemia</td> <td>&nbsp;</td> </tr> <tr> <td> Neurologici: encefalopatia tossica e depressione del SNC con manifestazioni variabili dalla letargia e confusione fino al coma e alle convulsioni. Edema cerebrale.</td> <td>&nbsp;</td> <td>&nbsp;</td> </tr> <tr> <td> Epatici: danni epatici</td> <td> Aumento dei livelli degli enzimi epatici</td> <td>&nbsp;</td> </tr> </table> A dosaggi elevati possono comparire anche: Alterazioni del gusto. Eruzioni cutanee (acneiformi, eritematose, scarlattiniformi, eczematoidi, desquamative, bollose, purpuriche), prurito. Altri: Congiuntivite, anoressia, riduzione dell&rsquo;acuit&agrave; visiva, sonnolenza. <b>Raramente: anemia aplastica, agranulocitosi, coagulazione intravascolare disseminata, pancitopenia, leucopenia, trombocitopenia, eosinopenia, porpora, eosinofilia associata all&rsquo;epatotossicit&agrave; indotta dal farmaco, nefrotossicit&agrave; (nefrite tubulo-interstiziale allergica), ematuria (presenza di sangue nelle urine).</b> Reazioni allergiche acute conseguenti ad assunzione di acido acetilsalicico possono essere trattate, se necessario, con somministrazione di adrenalina, corticosteroidi e di un antistaminico. In caso di sovradosaggio contattare immediatamente un centro antiveleni o il pi&ugrave; vicino ospedale. L&rsquo;acido acetilsalicilico &egrave; dializzabile. <u>Acido Ascorbico</u> Sono riportati in letteratura singoli casi di sovradosaggio acuto e cronico di <b>acido ascorbico</b>. Il sovradosaggio di acido ascorbico pu&ograve; provocare emolisi ossidativa nei pazienti con deficit dell&rsquo;enzima glucosio-6-fosfato deidrogenasi, coagulazione intravascolare disseminata e livelli sierici e urinari di ossalati significativamente elevati. &Egrave; stato dimostrato che livelli aumentati di ossalati danno luogo alla formazione di depositi di ossalato di calcio nei pazienti dializzati. Alte dosi di vitamina C possono causare depositi di ossalato di calcio, cristalluria di ossalato di calcio nei pazienti con predisposizione alla formazione di cristalli, nefropatia tubulo interstiziale e insufficienza renale acuta conseguente ai cristalli di ossalato di calcio.</p>  <h3>Conservazione</h3>  <p>Conservare ad una temperatura inferiore ai 25&deg;C.</p>",ASPIRINA 400 MG GRANULATO EFFERVESCENTE CON VITAMINA C,1,1,4,8.20,,,,Taxable Goods,89,1,221,004763153,5131,aspirina-400-mg-granulato-effervescente-con-vitamina-c-004763153
004763379,default,Default,simple,54,base,ASPIRINA RAPIDA 500 MG COMPRESSE MASTICABILI,"<h3>Denominazione</h3>  <p>ASPIRINA RAPIDA 500 MG COMPRESSE MASTICABILI</p>  <h3>Principi attivi</h3>  <p>Una compressa contiene: <u>principio attivo</u> <b>Acido acetilsalicilico</b> 500 mg <u>Eccipienti</u>: E 110 Per l&rsquo;elenco completo degli eccipienti vedere paragrafo 6.1</p>  <h3>Eccipienti</h3>  <p><u>eccipienti</u>: calcio stearato amido di mais mannitolo Giallo tramonto (E110) aspartame acido ascorbico acido citrico anidro magnesio carbonato pesante amido pregelatinizzato aroma di mandarino aroma arancia sodio carbonato anidro carmellosa sodica aroma rinfrescante di limone</p>  <h3>Indicazioni terapeutiche</h3>  <p>Trattamento sintomatico di mal di testa e di denti, nevralgie, dolori mestruali, dolori reumatici e muscolari. Terapia sintomatica degli stati febbrili e delle sindromi influenzali e da raffreddamento.</p>  <h3>Posologia</h3>  <p><u>Posologia</u> Adulti 1 - 2 compresse come dose singola, ripetendo, se necessario, la dose ad intervalli di 4-8 ore fino a 2 - 3 volte al giorno. L&rsquo;uso del prodotto &egrave; riservato ai soli pazienti adulti. Utilizzare sempre il dosaggio minimo efficace ed aumentarlo solo se non &egrave; sufficiente ad alleviare i sintomi (dolore e febbre). I soggetti maggiormente esposti al rischio di effetti indesiderati gravi, che possono usare il farmaco solo se prescritto dal medico, devono seguirne scrupolosamente le istruzioni (vedere paragrafo 4.4). Non assumere il prodotto per pi&ugrave; di 3-5 giorni senza il parere del medico. Consultare il medico nel caso in cui i sintomi persistano. <u>Modo di somministrazione</u> Assumere il medicinale preferibilmente dopo i pasti principali o, comunque, a stomaco pieno. Le compresse vanno masticate con o senza acqua. <u>Popolazioni speciali </u> <b>Popolazione pediatrica</b> Aspirina rapida 500 mg compresse non &egrave; indicato per l&rsquo;uso nella popolazione pediatrica (vedere paragrafo 4.4). <b> <u> Anziani</u> </b> Nei pazienti anziani utilizzare il dosaggio minimo efficace. <b> <u>Pazienti con compromissione della funzione epatica </u> </b> <u>L&rsquo;acido acetilsalicilico deve essere usato con cautela nei pazienti con compromissione della funzione epatica (vedere paragrafo 4.4). </u> <u> <b>Pazienti con compromissione della funzione renale</b> </u> <u>L&rsquo;acido acetilsalicilico deve essere usato con cautela nei pazienti con compromissione della funzione renale (vedere paragrafo 4.4). </u></p>  <h3>Controindicazioni</h3>  <p>Aspirina rapida &egrave; controindicata in caso di: - ipersensibilit&agrave; al principio attivo (acido acetilsalicilico), ad altri analgesici (antidolorifici) /antipiretici (antifebbrili) / farmaci antinfiammatori non steroidei (FANS) o ad uno qualsiasi degli eccipienti; - ulcera gastroduodenale; - diatesi emorragica; - insufficienza renale, cardiaca o epatica gravi; - deficit della glucosio -6-fosfato deidrogenasi (G6PD/favismo);- trattamento concomitante con metotrexato (a dosi di 15 mg/settimana o pi&ugrave;) o con warfarin (vedere paragrafo 4.5); -anamnesi di asma indotta dalla somministrazione di salicilati o sostanze ad attivit&agrave; simile, in particolare farmaci antinfiammatori non steroidei; - ultimo trimestre di gravidanza e allattamento (vedere paragrafo 4.6); - bambini e ragazzi di et&agrave; inferiore a 16 anni.</p>  <h3>Avvertenze e precauzioni</h3>  <p><b>Reazioni di ipersensibilit&agrave;</b> L&rsquo;acido acetilsalicilico e gli altri FANS possono causare reazioni di ipersensibilit&agrave; (compresi attacchi d&rsquo;asma, rinite, angioedema o orticaria). Il rischio &egrave; maggiore nei soggetti che gi&agrave; in passato hanno presentato una reazione di ipersensibilit&agrave; dopo l&rsquo;uso di questo tipo di farmaci (vedere paragrafo 4.3) e nei soggetti che presentano reazioni allergiche ad altre sostanze (es reazioni cutanee, prurito, orticaria). Nei soggetti con asma e/o rinite (con o senza poliposi nasale) e/o orticaria le reazioni possono essere pi&ugrave; frequenti e gravi. In rari casi le reazioni possono essere molto gravi e potenzialmente fatali. Nei casi seguenti la somministrazione del farmaco richiede la prescrizione del medico dopo accurata valutazione del rapporto rischio/beneficio: - <i>Soggetti a maggior rischio di reazioni di ipersensibilit&agrave; (vedere sopra)</i> - <i>Soggetti a maggiore rischio di lesioni gastrointestinali</i> L&rsquo;acido acetilsalicilico e gli altri FANS possono causare gravi effetti indesiderati a livello gastrointestinale (sanguinamento, ulcera, perforazione). Per tale motivo questi farmaci non devono essere usati dai soggetti affetti da ulcera gastrointestinale o sanguinamenti gastrointestinali. &Egrave; prudente che ne evitino l&rsquo;uso anche coloro che in passato hanno sofferto di ulcera gastrointestinale o sanguinamenti gastrointestinali. Il rischio di lesioni gastrointestinali &egrave; un effetto dose correlato, in quanto la gastrolesivit&agrave; &egrave; maggiore in soggetti che fanno un uso di dosi pi&ugrave; elevate di acido acetilsalicilico. Anche i soggetti con abitudine all&rsquo;assunzione di forti quantit&agrave; di alcool sono maggiormente esposti al rischio di lesioni gastrointestinali (sanguinamenti in particolare) (vedere paragrafo 4.5). - <i>Soggetti con difetti della coagulazione o in trattamento con anticoagulanti</i> Nei soggetti affetti da difetti della coagulazione o in trattamento con anticoagulanti l&rsquo;acido acetilsalicilico e gli altri FANS possono causare una grave riduzione delle capacit&agrave; emostatiche esponendo a rischio di emorragia. - <i>Soggetti con compromissione della funzione renale o cardiaca o epatica</i> L&rsquo;acido acetilsalicilico e gli altri FANS possono essere causa di una riduzione critica della funzione renale e di ritenzione idrica; il rischio &egrave; maggiore nei soggetti in trattamento con diuretici. Ci&ograve; pu&ograve; essere particolarmente pericoloso per gli anziani e per i soggetti con compromissione della funzione renale o cardiaca o epatica. - <i>Soggetti affetti da asma</i> L&rsquo;acido acetilsalicilico e gli altri FANS possono causare un aggravamento dell&rsquo;asma. - <i>Et&agrave; geriatrica (specialmente al di sopra dei 75 anni)</i> Il rischio di effetti indesiderati gravi &egrave; maggiore nei soggetti in et&agrave; geriatrica. I soggetti di et&agrave; superiore ai 70 anni, soprattutto in presenza di terapie concomitanti, devono usare Aspirina rapida solo dopo aver consultato il medico. Aspirina rapida non deve essere utilizzato nella popolazione pediatrica (vedere paragrafo 4.3). I prodotti contenenti acido acetilsalicilico non devono essere utilizzati nei bambini e negli adolescenti di et&agrave; inferiore ai 16 anni con infezioni virali, a prescindere dalla presenza o meno di febbre. In certe affezioni virali, specialmente influenza A, influenza B e varicella, esiste il rischio di Sindrome di Reye, una malattia molto rara, ma pericolosa per la vita, che richiede un immediato intervento medico. Il rischio puo&rsquo; essere aumentato in caso di assunzione contemporanea di acido acetilsalicilico, sebbene non sia stata dimostrata una relazione causale. Il vomito persistente in pazienti affetti da queste malattie puo&rsquo; essere un segno di Sindrome di Reye. - <i>Soggetti con iperuricemia/gotta</i> L&rsquo;acido acetilsalicilico pu&ograve; interferire con l&rsquo;eliminazione dell&rsquo;acido urico: alte dosi hanno un effetto uricosurico mentre dosi (molto) basse possono ridurne l&rsquo;escrezione. Occorre inoltre considerare che l&rsquo;acido acetilsalicilico e gli altri FANS possono mascherare i sintomi della gotta ritardandone la diagnosi. &Egrave; anche possibile un effetto antagonista con i farmaci uricosurici (vedere paragrafo 4.5).- <i>Associazione di farmaci non raccomandate o che richiedono precauzioni particolari o un aggiustamento del dosaggio</i> L&rsquo;uso di acido acetilsalicilico in associazione ad alcuni farmaci pu&ograve; aumentare il rischio di effetti indesiderati gravi (vedere paragrafo 4.5). Non usare l&rsquo;acido acetilsalicilico insieme ad un altro FANS o, comunque, non usare pi&ugrave; di un FANS per volta. <i>Informazioni sugli eccipienti</i> Questo medicinale contiene meno di 1 mmol (23 mg) di sodio per compressa, cio&egrave; &egrave; essenzialmente &lsquo;senza sodio&rsquo;. Questo medicinale contiene 16,5 mg di aspartame per compressa. Aspartame &egrave; una fonte di fenilalanina. Pu&ograve; esserle dannosa se &egrave; affetto da fenilchetonuria, una rara malattia genetica che causa l'accumulo di fenilalanina perche' il corpo non riesce a smaltirla correttamente. Questo medicinale contiene giallo tramonto (E110). Pu&ograve; causare reazioni allergiche. <i>Chirurgia</i> Se si deve essere sottoposti ad un intervento chirurgico (anche di piccola entit&agrave;, ad esempio l&rsquo;estrazione di un dente) e nei giorni precedenti si &egrave; fatto uso di acido acetilsalicilico o di un altro FANS occorre informarne il chirurgo per i possibili effetti sulla coagulazione. Dato che l&rsquo;acido acetilsalicilico pu&ograve; essere causa di sanguinamento gastrointestinale occorre tenerne conto nel caso fosse necessario eseguire una ricerca del sangue occulto. Prima di somministrare un qualsiasi medicinale devono essere adottate tutte le precauzioni utili a prevenire reazioni indesiderate; particolarmente importante &egrave; l&rsquo;esclusione di precedenti reazioni di ipersensibilit&agrave; a questo o ad altri medicinali e l&rsquo;esclusione delle altre controindicazioni o delle condizioni che possono esporre a rischio di effetti indesiderati potenzialmente gravi sopra riportate. In caso di dubbio consultare il proprio medico o farmacista. L&rsquo;assunzione del prodotto deve avvenire a stomaco pieno.</p>  <h3>Interazioni</h3>  <p><i>Associazioni controindicate (evitare l&rsquo;uso concomitante: vedere paragrafo 4.3)</i> - <u>Metotrexato (dosi maggiori o uguali a 15 mg/settimana): </u>aumento dei livelli plasmatici e della tossicit&agrave; del metotrexato; il rischio di effetti tossici &egrave; maggiore se la funzione renale &egrave; compromessa. - <u>Warfarin:</u> grave aumento del rischio di emorragia per potenziamento dell&rsquo;effetto anticoagulante. <i>Associazioni non raccomandate (l&rsquo;uso concomitante dei due farmaci richiede la prescrizione del medico dopo accurata valutazione del rapporto rischio/beneficio: vedere paragrafo 4.4)</i> <u>Antiaggreganti piastrinici: </u>aumento del rischio di emorragia per somma dell&rsquo;effetto antiaggregante. <u>Trombolitici</u> o <u>Anticoagulanti orali o parenterali:</u> aumento del rischio di emorragia per potenziamento dell&rsquo;effetto farmacologico. <u>FANS</u> (uso topico escluso): aumento del rischio di effetti indesiderati gravi. <u>Metotrexato (dosi inferiori a 15mg/settimana): </u>l&rsquo;aumento del rischio di effetti tossici (vedi sopra) deve essere considerato anche per il trattamento con Metotrexato a bassi dosaggi. <u>Inibitori selettivi del re-uptake della Serotonina (SSRI):</u> incremento del rischio di sanguinamento dell&rsquo;apparato gastrointestinale superiore a causa di un possibile effetto sinergico. <i>Associazioni che richiedono precauzioni particolari o un aggiustamento del dosaggio (l&rsquo;uso concomitante dei due farmaci richiede la prescrizione del medico dopo accurata valutazione del rapporto rischio/beneficio</i>: vedere<i> paragrafo 4.4)</i> <u>ACE-inibitori: </u>riduzione dell&rsquo;effetto ipotensivo; aumento del rischio di compromissione della funzione renale. <u>Acido Valproico: </u>aumento dell&rsquo;effetto dell&rsquo;acido valproico (rischio di tossicit&agrave;). <u>Antiacidi:</u> gli antiacidi assunti contemporaneamente ad altri farmaci possono ridurne l&rsquo;assorbimento; l&rsquo;escrezione di acido acetilsalicilico aumenta nelle urine alcalinizzate. <u>Antidiabetici (es: insulina e ipoglicemizzanti orali) </u>: aumento dell&rsquo;effetto ipoglicemizzante; l&rsquo;uso dell&rsquo;acido acetilsalicilico nei soggetti in trattamento con antidiabetici deve tener conto del rischio di indurre ipoglicemia. <u>Digossina:</u> aumento della concentrazione plasmatica di digossina per diminuzione dell&rsquo;eliminazione renale. <u>Diuretici</u>: aumento del rischio di nefrotossicit&agrave; dell&rsquo;acido acetilsalicilico e degli altri FANS; riduzione dell&rsquo;effetto dei diuretici. <u>Acetazolamide</u>: ridotta eliminazione di acetazolamide (rischio di tossicit&agrave;). <u>Fenitoina: </u>aumento dell&rsquo;effetto della fenitoina. <u>Corticosteroidi</u> (esclusi quelli per uso topico e quelli impiegati per la terapia dell&rsquo; insufficienza corticosurrenale): a- aumento del rischio di lesioni gastrointestinali; b- a causa dell&rsquo;aumentata eliminazione dei salicilati indotta dai corticosteroidi si ha riduzione dei livelli plasmatici di salicilato. Per contro, dopo interruzione del trattamento corticosteroideo, si puo&rsquo; verificare sovradosaggio di salicilati. <u>Metoclopramide: </u>aumento dell&rsquo;effetto dell&rsquo;acido acetilsalicilico per incremento della velocit&agrave; di assorbimento. <u>Uricosurici (es: probenecid, benzbromarone): </u>diminuzione dell&rsquo;effetto uricosurico. <u>Zafirlukast: </u>aumento della concentrazione plasmatica di zafirlukast. Aspirina rapida contiene sistemi tampone che potrebbero ridurre gli effetti dell&rsquo;ormone tiroideo Levotiroxina. <i>Alcol (vedere paragrafo 4.4)</i> La somma degli effetti dell&rsquo;alcol e dell&rsquo;acido acetilsalicilico provoca aumento del danno della mucosa gastrointestinale e prolungamento del tempo di sanguinamento. &Egrave; comunque opportuno non somministrare altri farmaci per via orale entro 1 o 2 ore dall&rsquo;impiego del prodotto.</p>  <h3>Gravidanza e allattamento</h3>  <p><u>Fertilit&agrave;</u> <u>L&rsquo;uso di acido acetilsalicilico come di qualsiasi farmaco inibitore della sintesi delle prostaglandine e della cicloossigenasi potrebbe interferire con la fertilit&agrave;; di cio&rsquo; devono essere informati i soggetti di sesso femminile ed in particolare le donne che hanno problemi di fertilit&agrave; o che sono sottoposte ad indagini sulla fertilit&agrave;. </u> <u>Gravidanza</u> L&rsquo;inibizione della sintesi delle prostaglandine pu&ograve; influire negativamente sulla gravidanza e/o sullo sviluppo embrio/fetale. Risultati di studi epidemiologici suggeriscono un aumentato rischio di aborto e di malformazione cardiaca e di gastroschisi dopo l&rsquo;uso di un inibitore della sintesi delle prostaglandine, nelle prime fasi della gravidanza. Il rischio assoluto di malformazioni cardiache era aumentato da meno dell&rsquo;1% fino a circa l&rsquo;1,5%. &Egrave; stato stimato che il rischio aumenta con la dose e la durata della terapia. Negli animali la somministrazione di inibitori della sintesi di prostaglandine ha mostrato di provocare un aumento della perdita di pre e post - impianto e di mortalit&agrave; embrio-fetale. Inoltre, un aumento di incidenza di varie malformazioni, inclusa quella cardiovascolare, &egrave; stato riportato in animali a cui erano stati somministrati inibitori di sintesi delle prostaglandine, durante il periodo organogenetico. Durante il primo e secondo trimestre di gravidanza, l&rsquo;acido acetilsalicilico non deve essere somministrato se non in caso di effettiva necessit&agrave;. Qualora farmaci contenenti acido acetilsalicilico siano usati da una donna che cerca una gravidanza, o durante il primo e il secondo trimestre di gravidanza, il trattamento dovr&agrave; essere il pi&ugrave; breve possibile e la dose la pi&ugrave; bassa possibile. Durante il terzo trimestre di gravidanza, tutti gli inibitori della sintesi di prostaglandine possono esporre il feto a: - tossicit&agrave; cardiopolmonare (con chiusura prematura del dotto arterioso e ipertensione polmonare); - disfunzione renale, che pu&ograve; progredire ad insufficienza renale con oligo-idroamnios; la madre e il nascituro, alla fine della gravidanza, a: - possibile prolungamento del tempo di sanguinamento, un effetto antiaggregante che pu&ograve; manifestarsi anche a dosi molto basse; - inibizione delle contrazioni uterine risultanti in ritardo o prolungamento del travaglio. Conseguentemente, l&rsquo;acido acetilsalicilico &egrave; controindicato durante il terzo trimestre di gravidanza. <u>Allattamento</u> Aspirina rapida &egrave; controindicata durante l&rsquo;allattamento (vedere paragrafo 4.3).</p>  <h3>Effetti sulla guida e sull'uso di macchinari</h3>  <p>A causa della possibile insorgenza di cefalea o vertigini, questo medicinale pu&ograve; compromettere la capacit&agrave; di guidare veicoli e di usare macchinari.</p>  <h3>Effetti indesiderati</h3>  <p>Gli effetti indesiderati osservati pi&ugrave; frequentemente sono a carico dell&rsquo;apparato gastrointestinale e possono manifestarsi in circa il 4% dei soggetti che assumono acido acetilsalicilico come analgesico-antipiretico. Tale percentuale aumenta sensibilmente nei soggetti a rischio di disturbi gastrointestinali. Questi disturbi possono essere parzialmente alleviati assumendo il medicinale a stomaco pieno. La maggior parte degli effetti indesiderati sono dipendenti sia dalla dose che dalla durata del trattamento. Gli effetti indesiderati osservati con l&rsquo;acido acetilsalicilico sono generalmente comuni agli altri FANS. <b> <i>Patologie del sistema emolinfopoietico</i> </b> Prolungamento del tempo di sanguinamento, anemia da emorragia gastrointestinale, riduzione delle piastrine (trombocitopenia) in casi estremamente rari. A seguito di emorragia pu&ograve; manifestarsi anemia emorragica/sideropenica (dovuta, per esempio, a microemorragie occulte) con le relative alterazioni dei parametri di laboratorio ed i relativi segni e sintomi clinici come astenia, pallore e ipoperfusione. <b> <i>Patologie del sistema nervoso</i> </b> Cefalea, capogiro. Raramente: sindrome di Reye (*) Da raramente a molto raramente: emorragia cerebrale, specialmente in pazienti con ipertensione non controllata e/o in terapia con anticoagulanti che, in casi isolati, pu&ograve; risultare potenzialmente letale. <b> <i>Patologie dell&rsquo;orecchio e del labirinto</i> </b> Tinnito (ronzio/fruscio/tintinnio/fischio auricolare). <b> <i>Patologie respiratorie, toraciche e mediastiniche</i> </b> Sindrome asmatica, malattia respiratoria esacerbata dall&rsquo;acido acetilsalicilico, rinite (rinorrea profusa), congestione nasale (associate a reazioni d&rsquo;ipersensibilit&agrave;). Epistassi. <b> <i>Patologie cardiache</i> </b> Distress cardiorespiratorio (associato a reazioni d&rsquo;ipersensibilit&agrave;). <b> <i>Patologie dell&rsquo;occhio</i> </b> Congiuntivite (associato a reazioni d&rsquo;ipersensibilit&agrave;). <b> <i>Patologie gastrointestinali</i> </b> Sanguinamento gastrointestinale (occulto), disturbi gastrici, pirosi, dolore gastrointestinale, gengivorragia. Vomito, diarrea, nausea, dolore addominale crampiforme (associate a reazioni d&rsquo;ipersensibilit&agrave;). Raramente: infiammazione gastrointestinale, erosione gastrointestinale, ulcerazione gastrointestinale, ematemesi (vomito di sangue o di materiale &ldquo;a posa di caff&egrave;&rdquo;), melena (emissione di feci nere, picee), esofagite. Molto raramente: ulcera gastrointestinale emorragica e/o perforazione gastrointestinale con i relativi segni e sintomi clinici ed alterazioni dei parametri di laboratorio. Frequenza non nota (soprattutto nel trattamento a lungo termine): - Malattia dei diaframmi intestinali. <b> <i>Patologie epatobiliari</i> </b> Raramente: epatotossicit&agrave; (lesione epatocellulare generalmente lieve e asintomatica) che si manifesta con un aumento delle transaminasi. <b> <i>Patologie della cute e del tessuto sottocutaneo</i> </b> Eruzione cutanea, edema, orticaria,prurito, eritema, angioedema (associate a reazioni di ipersensibilit&agrave;). <b> <i>Patologie renali ed urinarie</i> </b> Alterazione della funzione renale (in presenza di condizioni di alterata emodinamica renale) e lesione renale acuta, emorragie urogenitali. <b> <i>Patologie sistemiche e condizioni relative alla sede di somministrazione</i> </b> Emorragie procedurali, ematomi. <b> <i>Disturbi del sistema immunitario</i> </b> Raramente: shock anafilattico con le relative alterazioni dei parametri di laboratorio e manifestazioni cliniche. (*) Sindrome di Reye (SdR) La SdR si manifesta inizialmente con il vomito (persistente o ricorrente) e con altri segni di sofferenza encefalica di diversa entit&agrave;: da svogliatezza, sonnolenza o alterazioni della personalit&agrave; (irritabilit&agrave; o aggressivit&agrave;) a disorientamento, confusione o delirio fino a convulsioni o perdita di coscienza. &Egrave; da tener presente la variabilit&agrave; del quadro clinico: anche il vomito pu&ograve; mancare o essere sostituito dalla diarrea. Se questi sintomi insorgono nei giorni immediatamente successivi ad un episodio influenzale (o simil-influenzale o di varicella o ad un&rsquo;altra infezione virale) durante il quale &egrave; stato somministrato acido acetilsalicilico o altri medicinali contenenti salicilati l&rsquo;attenzione del medico deve immediatamente essere rivolta alla possibilit&agrave; di una SdR. <u>Segnalazione delle reazioni avverse sospette</u> La segnalazione delle reazioni avverse sospette che si verificano dopo l&rsquo;autorizzazione del medicinale e&rsquo; importante, in quanto permette un monitoraggio continuo del rapporto beneficio/rischio del medicinale. Agli operatori sanitari &egrave; richiesto di segnalare qualsiasi reazione avversa sospetta tramite il sistema nazionale di segnalazione all&rsquo;indirizzo https://www.aifa.gov.it/content/segnalazioni-reazioni-avverse</p>  <h3>Sovradosaggio</h3>  <p>La tossicit&agrave; da salicilati (un dosaggio superiore ai 100 mg/kg/giorno per 2 giorni consecutivi pu&ograve; indurre tossicit&agrave;) pu&ograve; essere la conseguenza di un&rsquo;assunzione cronica di dosi eccessive, oppure di sovradosaggio acuto, potenzialmente pericoloso per la vita e che comprende anche l&rsquo;ingestione accidentale nei bambini. Intossicazione cronica da salicilati L&rsquo;avvelenamento<b> cronico</b> da salicilati pu&ograve; essere insidioso dal momento che i segni e i sintomi sono aspecifici. Una lieve intossicazione cronica da salicilati, o salicilismo, in genere si verifica unicamente in seguito a utilizzo ripetuto di dosi considerevoli. Tra i sintomi vi sono il capogiro, le vertigini, il tinnito, la sordit&agrave;, la sudorazione, la nausea e il vomito, la cefalea e lo stato confusionale. Questi sintomi possono essere controllati riducendo il dosaggio. Il tinnito pu&ograve; manifestarsi a concentrazioni plasmatiche comprese tra i 150 e i 300 mi&Acirc;&ndash;crogrammi/ml, mentre a concentrazioni superiori ai 300 mi&Acirc;&ndash;crogrammi/ml si palesano eventi avversi pi&ugrave; gravi. Intossicazione acuta da salicilati La caratteristica principale dell'intossicazione<b> acuta</b> &egrave; una grave alterazione dell'equilibrio acido-base, che pu&ograve; variare con l'et&agrave; e la gravit&agrave; dell'intossicazione; la presentazione pi&ugrave; comune, nel bambino, &egrave; l'acidosi metabolica. Non &egrave; possibile stimare la gravit&agrave; dell'avvelenamento dalla sola concentrazione plasmatica; l'assorbimento dell&rsquo;acido acetilsalicilico pu&ograve; essere ritardato a causa di uno svuotamento gastrico ridotto, della formazione di concrezioni nello stomaco, o in conseguenza dell'ingestione di preparati gastroresistenti. La gestione di un'intossicazione da acido acetilsalicilico &egrave; determinata dall&rsquo;entit&agrave;, dallo stadio e dai sintomi clinici di quest'ultima, e deve essere attuata secondo le tecniche convenzionali di gestione degli avvelenamenti. Le misure principali da adottare consistono nell'accelerazione dell&rsquo;escrezione del farmaco e nel ripristino del metabolismo elettrolitico e acido-base. Per i complessi effetti fisiopatologici, connessi con l'avvelenamento da salicilati, i segni e sintomi/risultati delle indagini biochimiche e strumentali, possono comprendere: <table border=1 cellspacing=0 cellpadding=3> <tr> <td> <b> <i> Segni e sintomi</i> </b> </td> <td> <b> Risultati delle indagini biochimiche e strumentali</b> </td> <td> <b> <i> Misure terapeutiche</i> </b> </td> </tr> <tr> <td> <b>INTOSSICAZIONE DA LIEVE A MODERATA</b> </td> <td>&nbsp;</td> <td> Lavanda gastrica, somministrazione ripetuta di carbone attivo, diuresi alcalina forzata</td> </tr> <tr> <td> Tachipnea, iperventilazione, alcalosi respiratoria</td> <td> Alcalemia, alcaluria</td> <td> Gestione dei liquidi e degli elettroliti</td> </tr> <tr> <td> Sudorazione</td> <td>&nbsp;</td> <td>&nbsp;</td> </tr> <tr> <td> Nausea, vomito, cefalea, vertigini</td> <td>&nbsp;</td> <td>&nbsp;</td> </tr> <tr> <td> <b>INTOSSICAZIONE DA MODERATA A GRAVE</b> </td> <td>&nbsp;</td> <td> Lavanda gastrica, somministrazione ripetuta di carbone attivo, diuresi alcalina forzata, emodialisi nei casi gravi</td> </tr> <tr> <td> Alcalosi respiratoria con acidosi metabolica compensatoria,</td> <td> Acidemia, aciduria</td> <td> Gestione dei liquidi e degli elettroliti</td> </tr> <tr> <td> Iperpiressia</td> <td>&nbsp;</td> <td> Gestione dei liquidi e degli elettroliti</td> </tr> <tr> <td> Respiratori: variabili dall&rsquo;iperventilazione ed edema polmonare non cardiogeno fino all&rsquo;arresto respiratorio e asfissia</td> <td>&nbsp;</td> <td>&nbsp;</td> </tr> <tr> <td> Cardiovascolari: variabili dalle aritmie e ipotensione fino all&rsquo;arresto cardiocircolatorio</td> <td> Ad es. alterazione della pressione arteriosa, alterazione dell&rsquo;ECG</td> <td>&nbsp;</td> </tr> <tr> <td> Perdita di liquidi e di elettroliti: disidratazione, dall&rsquo;oliguria fino all&rsquo;insufficienza renale</td> <td> Ad es. ipokaliemia, iperna&Acirc;&ndash;triemia, iponatriemia, funzionalit&agrave; renale alterata</td> <td> Gestione dei liquidi e degli elettroliti</td> </tr> <tr> <td> Alterazioni del metabolismo glucidico, cheto&Acirc;&ndash;si</td> <td> Iperglicemia, ipoglicemia (specialmente nei bambini) Incrementati livelli dei chetoni</td> <td>&nbsp;</td> </tr> <tr> <td> Tinnito, sordit&agrave;</td> <td>&nbsp;</td> <td>&nbsp;</td> </tr> <tr> <td> Gastrointestinali: sanguinamento gastrointestinale, ulcera gastrica</td> <td>&nbsp;</td> <td>&nbsp;</td> </tr> <tr> <td> Ematologici: coagulopatia, anemia sideropenica</td> <td> Ad es. prolungamento del PT, ipoprotrombinemia</td> <td>&nbsp;</td> </tr> <tr> <td> Neurologici: encefalopatia tossica e depressione del SNC con manifestazioni variabili dalla letargia e confusione fino al coma e alle convulsioni. Edema cerebrale.</td> <td>&nbsp;</td> <td>&nbsp;</td> </tr> <tr> <td> Epatici: danni epatici</td> <td> Aumento dei livelli degli enzimi epatici</td> <td>&nbsp;</td> </tr> </table> A dosaggi elevati possono comparire anche: Alterazioni del gusto. Eruzioni cutanee (acneiformi, eritematose, scarlattiniformi, eczematoidi, desquamative, bollose, purpuriche), prurito. Altri: congiuntivite, anoressia, riduzione dell&rsquo;acuita&rsquo; visiva, sonnolenza. Raramente: anemia aplastica, agranulocitosi, coagulazione intravascolare disseminata, pancitopenia, leucopenia, trombicitopenia, eosinopenia, porpora, eosinofilia associata all&rsquo;epatotossicita&rsquo; indotta dal farmaco, nefrotossicit&agrave;&rsquo; (nefrite tubulo-interstiziale allergica), ematuria (presenza di sangue nelle urine). Reazioni allergiche acute conseguenti ad assunzione di acido acetilsalicilico, possono essere trattate, se necessario, con somministrazione di adrenalina, corticosteroidi e di un antistaminico. In caso di sovradosaggio contattare immediatamente un centro antiveleni o il pi&ugrave; vicino ospedale. L&rsquo;acido acetilsalicilico &egrave; dializzabile.</p>  <h3>Conservazione</h3>  <p>Conservare a temperatura inferiore ai 30 &deg;C.</p>",ASPIRINA RAPIDA 500 MG COMPRESSE MASTICABILI,1,1,4,7.20,,,,Taxable Goods,3,1,221,004763379,2759,aspirina-rapida-500-mg-compresse-masticabili-004763379
004763405,default,Default,simple,54,base,ASPIRINA 500 MG GRANULATO,"<h3>Denominazione</h3>  <p>ASPIRINA 500 MG GRANULATO</p>  <h3>Principi attivi</h3>  <p>Una bustina contiene: <u>principio attivo:</u> acido acetilsalicilico: 500 mg; eccipienti: aspartame. Per l&rsquo;elenco completo degli eccipienti, vedere paragrafo 6.1.</p>  <h3>Eccipienti</h3>  <p>Citrato monosodico; sodio idrogeno carbonato; acido citrico; mannitolo; acido ascorbico; aroma cola (contiene etanolo); aroma arancio; aspartame.</p>  <h3>Indicazioni terapeutiche</h3>  <p>Trattamento sintomatico di mal di testa e di denti, nevralgie, dolori mestruali, dolori reumatici e muscolari. Terapia sintomatica degli stati febbrili e delle sindromi influenzali e da raffreddamento.</p>  <h3>Posologia</h3>  <p>Adulti 1 o 2 bustine di granulato come dose singola, ripetendo, se necessario, la dose ad intervalli di 4-8 ore fino a 2-3 volte al giorno. Non superare mai il dosaggio massimo di 2 bustine 3 volte al giorno (max 6 bustine al d&igrave;). Aspirina 500 mg granulato pu&ograve; essere posta direttamente sulla lingua. Si dissolve con la saliva questo ne consente l&rsquo;impiego senza acqua. L&rsquo;uso del prodotto &egrave; riservato ai soli pazienti adulti. Utilizzare sempre il dosaggio minimo efficace ed aumentarlo solo se non &egrave; sufficiente ad alleviare i sintomi (dolore o febbre). I soggetti maggiormente esposti al rischio di effetti indesiderati gravi, che possono usare il farmaco solo se prescritto dal medico, devono seguirne scrupolosamente le istruzioni (vedere paragrafo 4.4). Usare il medicinale per il periodo pi&ugrave; breve possibile. Non assumere il prodotto per pi&ugrave; di 3-5 giorni senza il parere del medico. Consultare il medico nel caso in cui i sintomi persistano. Assumere il medicinale preferibilmente dopo i pasti principali o, comunque, a stomaco pieno. <u>Popolazioni speciali </u> <b> <u>Popolazione pediatrica</u> </b> Aspirina 500 mg granulato non &egrave; indicato per l&rsquo;uso nella popolazione pediatrica ( vedere paragrafo 4.4). <b> <u>Anziani</u> </b> Nei pazienti anziani utilizzare il dosaggio minimo efficace. <b> <u>Pazienti con compromissione della funzione epatica </u> </b> L&rsquo;acido acetilsalicilico deve essere usato con cautela nei pazienti con compromissione della funzione epatica (vedere paragrafo 4.4). <b> <u>Pazienti con compromissione della funzione renale</u> </b> L&rsquo;acido acetilsalicilico deve essere usato con cautela nei pazienti con compromissione della funzione renale (vedere paragrafo 4.4).</p>  <h3>Controindicazioni</h3>  <p>Aspirina 500 mg granulato &egrave; controindicata in caso di: - ipersensibilit&agrave; al principio attivo (acido acetilsalicilico), ad altri analgesici (antidolorifici) /antipiretici (antifebbrili) / farmaci antinfiammatori non steroidei (FANS) o ad uno qualsiasi degli eccipienti; - ulcera gastroduodenale; - diatesi emorragica; - insufficienza renale, cardiaca o epatica gravi - deficit della glucosio -6-fosfato deidrogenasi (G6PD/favismo);- trattamento concomitante con metotrexato (a dosi di 15 mg/settimana o pi&ugrave;) o con warfarin (vedere paragrafo 4.5); -anamnesi di asma indotta dalla somministrazione di salicilati o sostanze ad attivit&agrave; simile, in particolare farmaci antinfiammatori non steroidei; - ultimo trimestre di gravidanza e allattamento (vedere paragrafo 4.6); - bambini e ragazzi di et&agrave; inferiore a 16 anni.</p>  <h3>Avvertenze e precauzioni</h3>  <p><b>Reazioni di ipersensibilit&agrave;</b> L&rsquo;acido acetilsalicilico e gli altri FANS possono causare reazioni di ipersensibilit&agrave; (compresi attacchi d&rsquo;asma, rinite, angioedema o orticaria). Il rischio &egrave; maggiore nei soggetti che gi&agrave; in passato hanno presentato una reazione di ipersensibilit&agrave; dopo l&rsquo;uso di questo tipo di farmaci (vedere paragrafo 4.3) e nei soggetti che presentano reazioni allergiche ad altre sostanze (es. reazioni cutanee, prurito, orticaria). Nei soggetti con asma e/o rinite (con o senza poliposi nasale) e/o orticaria le reazioni possono essere pi&ugrave; frequenti e gravi. In rari casi le reazioni possono essere molto gravi e potenzialmente fatali. Nei casi seguenti la somministrazione del farmaco richiede la prescrizione del medico dopo accurata valutazione del rapporto rischio/beneficio: - <i>Soggetti a maggior rischio di reazioni di ipersensibilit&agrave; (vedi sopra)</i> - <i>Soggetti a maggiore rischio di lesioni gastrointestinali</i> L&rsquo;acido acetilsalicilico e gli altri FANS possono causare gravi effetti indesiderati a livello gastrointestinale (sanguinamento, ulcera, perforazione). Per tale motivo questi farmaci non devono essere usati dai soggetti affetti da ulcera gastrointestinale o sanguinamenti gastrointestinali. &Egrave; prudente che ne evitino l&rsquo;uso anche coloro che in passato hanno sofferto di ulcera gastrointestinale o sanguinamenti gastrointestinali. Il rischio di lesioni gastrointestinali &egrave; un effetto dose correlato, in quanto la gastrolesivit&agrave; &egrave; maggiore in soggetti che fanno un uso di dosi pi&ugrave; elevate di acido acetilsalicilico. Anche i soggetti con abitudine all&rsquo;assunzione di forti quantit&agrave; di alcool sono maggiormente esposti al rischio di lesioni gastrointestinali (sanguinamenti in particolare) (vedere paragrafo 4.5). - <i>Soggetti con difetti della coagulazione o in trattamento con anticoagulanti</i> Nei soggetti affetti da difetti della coagulazione o in trattamento con anticoagulanti l&rsquo;acido acetilsalicilico e gli altri FANS possono causare una grave riduzione delle capacit&agrave; emostatiche esponendo a rischio di emorragia. - <i>Soggetti con compromissione della funzione renale o cardiaca o epatica</i> L&rsquo;acido acetilsalicilico e gli altri FANS possono essere causa di una riduzione critica della funzione renale e di ritenzione idrica; il rischio &egrave; maggiore nei soggetti in trattamento con diuretici. Ci&ograve; pu&ograve; essere particolarmente pericoloso per gli anziani e per i soggetti con compromissione della funzione renale o cardiaca o epatica. - <i>Soggetti affetti da asma</i> L&rsquo;acido acetilsalicilico e gli altri FANS possono causare un aggravamento dell&rsquo;asma. <i>Et&agrave; geriatrica (specialmente al di sopra dei 75 anni)</i> Il rischio di effetti indesiderati gravi &egrave; maggiore nei soggetti in et&agrave; geriatrica. I soggetti di et&agrave; superiore ai 70 anni, soprattutto in presenza di terapie concomitanti, devono usare Aspirina 500 mg granulato solo dopo aver consultato il medico. Aspirina 500 mg granulato non deve essere utilizzato nella popolazione pediatrica (vedere paragrafo 4.3). I prodotti contenenti acido acetilsalicilico non devono essere utilizzati nei bambini e negli adolescenti di et&agrave; inferiore ai 16 anni con infezioni virali, a prescindere dalla presenza o meno di febbre. In certe affezioni virali, specialmente influenza A, influenza B e varicella, esiste il rischio di Sindrome di Reye, una malattia molto rara, ma pericolosa per la vita, che richiede un immediato intervento medico. Il rischio puo&rsquo; essere aumentato in caso di assunzione contemporanea di acido acetilsalicilico, sebbene non sia stata dimostrata una relazione causale. Il vomito persistente in pazienti affetti da queste malattie puo&rsquo; essere un segno di Sindrome di Reye. - <i>Soggetti con iperuricemia/gotta</i> L&rsquo;acido acetilsalicilico pu&ograve; interferire con l&rsquo;eliminazione dell&rsquo;acido urico: alte dosi hanno un effetto uricosurico mentre dosi (molto) basse possono ridurne l&rsquo;escrezione. Occorre inoltre considerare che l&rsquo;acido acetilsalicilico e gli altri FANS possono mascherare i sintomi della gotta ritardandone la diagnosi. &Egrave; anche possibile un effetto antagonista con i farmaci uricosurici (vedere paragrafo 4.5).- <i>Associazione di farmaci non raccomandate o che richiedono precauzioni particolari o un aggiustamento del dosaggio</i> L&rsquo;uso di acido acetilsalicilico in associazione ad alcuni farmaci pu&ograve; aumentare il rischio di effetti indesiderati gravi (vedere paragrafo 4.5). Non usare l&rsquo;acido acetilsalicilico insieme ad un altro FANS o, comunque, non usare pi&ugrave; di un FANS per volta. <i>Informazioni sugli eccipienti</i> Questo medicinale contiene meno di 1 mmol (23 mg) di sodio per bustina, cio&egrave; essenzialmente &ldquo;senza sodio&rdquo;. Questo medicinale contiene 5 mg di aspartame per bustina. Aspartame &egrave; una fonte di fenilalanina. Pu&ograve; esserle dannoso se &egrave; affetto da fenilchetonuria, una rara malattia genetica che causa l'accumulo di fenilalanina perch&eacute;' il corpo non riesce a smaltirla correttamente. Questo medicinale contiene 0.001 mg di alcol (etanolo) in ogni bustina. La quantit&agrave; in ciascuna bustina di questo medicinale &egrave; equivalente a meno di 1 ml di birra o 1 ml di vino. La piccola quantit&agrave; di alcol in questo medicinale non produrr&agrave; effetti rilevanti. <i>Chirurgia</i> Se si deve essere sottoposti ad un intervento chirurgico (anche di piccola entit&agrave;, ad esempio l&rsquo;estrazione di un dente) e nei giorni precedenti si &egrave; fatto uso di acido acetilsalicilico o di un altro FANS occorre informarne il chirurgo per i possibili effetti sulla coagulazione. Dato che l&rsquo;acido acetilsalicilico pu&ograve; essere causa di sanguinamento gastrointestinale occorre tenerne conto nel caso fosse necessario eseguire una ricerca del sangue occulto. Prima di somministrare un qualsiasi medicinale devono essere adottate tutte le precauzioni utili a prevenire reazioni indesiderate; particolarmente importante &egrave; l&rsquo;esclusione di precedenti reazioni di ipersensibilit&agrave; a questo o ad altri medicinali e l&rsquo;esclusione delle altre controindicazioni o delle condizioni che possono esporre a rischio di effetti indesiderati potenzialmente gravi sopra riportate. In caso di dubbio consultare il proprio medico o farmacista. L&rsquo;assunzione del prodotto deve avvenire a stomaco pieno.</p>  <h3>Interazioni</h3>  <p>Associazioni controindicate (evitare l&rsquo;uso concomitante -vedere paragrafo 4.3) - <u>Metotrexato (dosi maggiori o uguali a 15 mg/settimana): </u>aumento dei livelli plasmatici e della tossicit&agrave; del metotrexato; il rischio di effetti tossici &egrave; maggiore se la funzione renale &egrave; compromessa. - <u>Warfarin:</u> grave aumento del rischio di emorragia per potenziamento dell&rsquo;effetto anticoagulante. Associazioni non raccomandate (l&rsquo;uso concomitante dei due farmaci richiede la prescrizione del medico dopo accurata valutazione del rapporto rischio/beneficio- vedere paragrafo 4.4) <u>Antiaggreganti piastrinici: </u>aumento del rischio di emorragia per somma dell&rsquo;effetto antiaggregante. <u>Trombolitici</u> o <u>Anticoagulanti orali o parenterali:</u> aumento del rischio di emorragia per potenziamento dell&rsquo;effetto farmacologico. <u>FANS</u> (uso topico escluso): aumento del rischio di effetti indesiderati gravi. <u>Metotrexato (dosi inferiori a 15mg/settimana): </u>l&rsquo;aumento del rischio di effetti tossici (vedi sopra) deve essere considerato anche per il trattamento con Metotrexato a bassi dosaggi. <u>Inibitori selettivi del re-uptake della Serotonina (SSRI):</u> incremento del rischio di sanguinamento dell&rsquo;apparato gastrointestinale superiore a causa di un possibile effetto sinergico. Associazioni che richiedono precauzioni particolari o un aggiustamento del dosaggio (l&rsquo;uso concomitante dei due farmaci richiede la prescrizione del medico dopo accurata valutazione del rapporto rischio/beneficio- vedere paragrafo 4.4) <u>ACE-inibitori: </u>riduzione dell&rsquo;effetto ipotensivo; aumento del rischio di compromissione della funzione renale. <u>Acido Valproico: </u>aumento dell&rsquo;effetto dell&rsquo;acido valproico (rischio di tossicit&agrave;). <u>Antiacidi:</u> gli antiacidi assunti contemporaneamente ad altri farmaci possono ridurne l&rsquo;assorbimento; l&rsquo;escrezione di acido acetilsalicilico aumenta nelle urine alcalinizzate. <u>Antidiabetici (es: insulina e ipoglicemizzanti orali)</u>: aumento dell&rsquo;effetto ipoglicemizzante; l&rsquo;uso dell&rsquo;acido acetilsalicilico nei soggetti in trattamento con antidiabetici deve tener conto del rischio di indurre ipoglicemia. <u>Digossina:</u> aumento della concentrazione plasmatica di digossina per diminuzione dell&rsquo;eliminazione renale. <u>Diuretici</u>: aumento del rischio di nefrotossicit&agrave; dell&rsquo;acido acetilsalicilico e degli altri FANS; riduzione dell&rsquo;effetto dei diuretici. <u>Acetazolamide</u>: ridotta eliminazione di acetazolamide (rischio di tossicit&agrave;) <u>Fenitoina: </u>aumento dell&rsquo;effetto della fenitoina. <u>Corticosteroidi</u> (esclusi quelli per uso topico e quelli impiegati per la terapia dell&rsquo; insufficienza corticosurrenale): a)aumento del rischio di lesioni gastrointestinali; b) a causa dell&rsquo;aumentata eliminazione dei salicilati indotta dai corticosteroidi si ha riduzione dei livelli plasmatici di salicilato. Per contro, dopo interruzione del trattamento corticosteroideo, si puo&rsquo; verificare sovradosaggio di salicilati. <u>Metoclopramide: </u>aumento dell&rsquo;effetto dell&rsquo;acido acetilsalicilico per incremento della velocit&agrave; di assorbimento. <u>Uricosurici (es: probenecid, benzbromarone): </u>diminuzione dell&rsquo;effetto uricosurico. <u>Zafirlukast: </u>aumento della concentrazione plasmatica di zafirlukast. Aspirina 500 mg granulato contiene sistemi tampone che potrebbero ridurre gli effetti dell&rsquo;ormone tiroideo Levotiroxina. <b>Alcool (vedere paragrafo 4.4)</b> La somma degli effetti dell&rsquo;alcool e dell&rsquo;acido acetilsalicilico provoca aumento del danno della mucosa gastrointestinale e prolungamento del tempo di sanguinamento. &Egrave; comunque opportuno non somministrare altri farmaci per via orale entro 1 o 2 ore dall&rsquo;impiego del prodotto.</p>  <h3>Gravidanza e allattamento</h3>  <p><u>Fertilit&agrave;</u> L&rsquo;uso di acido acetilsalicilico come di qualsiasi farmaco inibitore della sintesi delle prostaglandine e della cicloossigenasi potrebbe interferire con la fertilit&agrave;; di cio&rsquo; devono essere informati i soggetti di sesso femminile ed in particolare le donne che hanno problemi di fertilit&agrave; o che sono sottoposte ad indagini sulla fertilit&agrave;. <u>Gravidanza</u> L&rsquo;inibizione della sintesi delle prostaglandine pu&ograve; influire negativamente sulla gravidanza e/o sullo sviluppo embrio/fetale. Risultati di studi epidemiologici suggeriscono un aumentato rischio di aborto e di malformazione cardiaca e di gastroschisi dopo l&rsquo;uso di un inibitore della sintesi delle prostaglandine, nelle prime fasi della gravidanza. Il rischio assoluto di malformazioni cardiache era aumentato da meno dell&rsquo;1% fino a circa l&rsquo;1,5%. &Egrave; stato stimato che il rischio aumenta con la dose e la durata della terapia. Negli animali la somministrazione di inibitori della sintesi di prostaglandine ha mostrato di provocare un aumento della perdita di pre e post- impianto e di mortalit&agrave; embrio-fetale. Inoltre, un aumento di incidenza di varie malformazioni, inclusa quella cardiovascolare, &egrave; stato riportato in animali a cui erano stati somministrati inibitori di sintesi delle prostaglandine, durante il periodo organogenetico. Durante il primo e secondo trimestre di gravidanza, l&rsquo;acido acetilsalicilico non deve essere somministrato se non in caso di effettiva necessit&agrave;. Qualora farmaci contenenti acido acetilsalicilico siano usati da una donna che cerca una gravidanza, o durante il primo e il secondo trimestre di gravidanza, il trattamento dovr&agrave; essere il pi&ugrave; breve possibile e la dose la pi&ugrave; bassa possibile. Durante il terzo trimestre di gravidanza, tutti gli inibitori della sintesi delle prostaglandine possono esporre: il feto a: - tossicit&agrave; cardiopolmonare (con chiusura prematura del dotto arterioso e ipertensione polmonare); - disfunzione renale, che pu&ograve; progredire ad insufficienza renale con oligo-idroamnios; la madre e il nascituro, alla fine della gravidanza, a: - possibile prolungamento del tempo di sanguinamento, un effetto antiaggregante che pu&ograve; manifestarsi anche a dosi molto basse; - inibizione delle contrazioni uterine risultanti in ritardo o prolungamento del travaglio. Conseguentemente, l&rsquo;acido acetilsalicilico &egrave; controindicato durante il terzo trimestre di gravidanza. <u>Allattamento</u> Aspirina 500 mg granulato &egrave; controindicata durante l&rsquo;allattamento (vedere paragrafo 4.3).</p>  <h3>Effetti sulla guida e sull'uso di macchinari</h3>  <p>A causa della possibile insorgenza di cefalea o vertigini questo medicinale pu&ograve; compromettere la capacit&agrave; di guidare veicoli e di usare macchinari.</p>  <h3>Effetti indesiderati</h3>  <p>Gli effetti indesiderati osservati pi&ugrave; frequentemente sono a carico dell&rsquo;apparato gastrointestinale e possono manifestarsi in circa il 4% dei soggetti che assumono acido acetilsalicilico come analgesico-antipiretico. Tale percentuale aumenta sensibilmente nei soggetti a rischio di disturbi gastrointestinali. Questi disturbi possono essere parzialmente alleviati assumendo il medicinale a stomaco pieno. La maggior parte degli effetti indesiderati sono dipendenti sia dalla dose che dalla durata del trattamento. Gli effetti indesiderati osservati con l&rsquo;acido acetilsalicilico sono generalmente comuni agli altri FANS. <b>Patologie del sistema emolinfopoietico:</b> prolungamento del tempo di sanguinamento, anemia da emorragia gastrointestinale, riduzione delle piastrine (trombocitopenia) in casi estremamente rari. A seguito di emorragia pu&ograve; manifestarsi anemia emorragica/sideropenica (dovuta, per esempio, a microemorragie occulte) con le relative alterazioni dei parametri di laboratorio ed i relativi segni e sintomi clinici come astenia, pallore e ipoperfusione. <b>Patologie del sistema nervoso:</b> cefalea, capogiro. Raramente: sindrome di Reye (*) Da raramente a molto raramente: emorragia cerebrale, specialmente in pazienti con ipertensione non controllata e/o in terapia con anticoagulanti, che, in casi isolati, pu&ograve; risultare potenzialmente letale. <b>Patologie dell&rsquo;orecchio e del labirinto:</b> tinnito (ronzio/fruscio/tintinnio/fischio auricolare). <b>Patologie respiratorie, toraciche e mediastiniche:</b> malattia respiratoria esacerbata dall&rsquo; acido acetilsalicilico,sindrome asmatica, rinite (rinorrea profusa), congestione nasale (associate a reazioni d&rsquo;ipersensibilit&agrave;). Epistassi. <b> <i>Patologie cardiache:</i> </b> distress cardiorespiratorio (associato a reazioni d&rsquo;ipersensibilit&agrave;). <b> <i>Patologie dell&rsquo;occhio:</i> </b> congiuntivite (associato a reazioni d&rsquo;ipersensibilit&agrave;). <b> <i>Patologie gastrointestinali:</i> </b> sanguinamento gastrointestinale (occulto), disturbi gastrici, pirosi, dolore gastrointestinale, gengivorragia. Vomito, diarrea, nausea, dolore addominale crampiforme (associate a reazioni d&rsquo;ipersensibilit&agrave;). Raramente: infiammazione gastrointestinale, erosione gastrointestinale, ulcerazione gastrointestinale ematemesi (vomito di sangue o di materiale &ldquo;a posa di caff&egrave;&rdquo;), melena (emissione di feci nere, picee), esofagite. Molto raramente: ulcera gastrointestinale emorragica e/o perforazione gastrointestinale con i relativi segni e sintomi clinici ed alterazioni dei parametri di laboratorio. Frequenza non nota (soprattutto nel trattamento a lungo termine): - Malattia dei diaframmi intestinali. <b>Patologie epatobiliari:</b> raramente: epatotossicit&agrave; (lesione epatocellulare generalmente lieve e asintomatica) che si manifesta con un aumento delle transaminasi. <b>Patologie della cute e del tessuto sottocutaneo:</b> eruzione cutanea, edema, orticaria, prurito, eritema, angioedema (associate a reazioni di ipersensibilit&agrave;). <b> <i>Patologie renali ed urinarie:</i> </b> alterazione della funzione renale e lesione renale acuta (in presenza di condizioni di alterata emodinamica renale), emorragie urogenitali. <b> <i>Patologie sistemiche e condizioni relative alla sede di somministrazione:</i> </b> emorragie procedurali, ematomi. <b> <i> Disturbi del sistema immunitario:</i> </b> raramente: shock anafilattico con le relative alterazioni dei parametri di laboratorio e manifestazioni cliniche. (*) Sindrome di Reye (SdR) La SdR si manifesta inizialmente con il vomito (persistente o ricorrente) e con altri segni di sofferenza encefalica di diversa entit&agrave;: da svogliatezza, sonnolenza o alterazioni della personalit&agrave; (irritabilit&agrave; o aggressivit&agrave;) a disorientamento, confusione o delirio fino a convulsioni o perdita di coscienza. &Egrave; da tener presente la variabilit&agrave; del quadro clinico: anche il vomito pu&ograve; mancare o essere sostituito dalla diarrea. Se questi sintomi insorgono nei giorni immediatamente successivi ad un episodio influenzale (o simil-influenzale o di varicella o ad un&rsquo;altra infezione virale) durante il quale &egrave; stato somministrato acido acetilsalicilico o altri medicinali contenenti salicilati l&rsquo;attenzione del medico deve immediatamente essere rivolta alla possibilit&agrave; di una SdR. <u>Segnalazione delle reazioni avverse sospette</u> La segnalazione delle reazioni avverse sospette che si verificano dopo l&rsquo;autorizzazione del medicinale e&rsquo; importante, in quanto permette un monitoraggio continuo del rapporto beneficio/rischio del medicinale. Agli operatori sanitari &egrave; richiesto di segnalare qualsiasi reazione avversa sospetta tramite il sistema nazionale di segnalazione all&rsquo;indirizzo https://www.aifa.gov.it/content/segnalazioni-reazioni-avverse.</p>  <h3>Sovradosaggio</h3>  <p>La tossicit&agrave; da salicilati (un dosaggio superiore ai 100 mg/kg/giorno per 2 giorni consecutivi pu&ograve; indurre tossicit&agrave;) pu&ograve; essere la conseguenza di un&rsquo;assunzione cronica di dosi eccessive, oppure di sovradosaggio acuto, potenzialmente pericoloso per la vita e che comprende anche l&rsquo;ingestione accidentale nei bambini. <u>Intossicazione cronica da salicilati</u> L&rsquo;avvelenamento<b> cronico</b> da salicilati pu&ograve; essere insidioso dal momento che i segni e i sintomi sono aspecifici. Una lieve intossicazione cronica da salicilati, o salicilismo, in genere si verifica unicamente in seguito a utilizzo ripetuto di dosi considerevoli. Tra i sintomi vi sono il capogiro, le vertigini, il tinnito, la sordit&agrave;, la sudorazione, la nausea e il vomito, la cefalea e lo stato confusionale. Questi sintomi possono essere controllati riducendo il dosaggio. Il tinnito pu&ograve; manifestarsi a concentrazioni plasmatiche comprese tra i 150 e i 300 mi&Acirc;&ndash;crogrammi/ml, mentre a concentrazioni superiori ai 300 mi&Acirc;&ndash;crogrammi/ml si palesano eventi avversi pi&ugrave; gravi. <u>Intossicazione acuta da salicilati</u> La caratteristica principale dell'intossicazione<b> acuta</b> &egrave; una grave alterazione dell'equilibrio acido-base, che pu&ograve; variare con l'et&agrave; e la gravit&agrave; dell'intossicazione; la presentazione pi&ugrave; comune, nel bambino, &egrave; l'acidosi metabolica. Non &egrave; possibile stimare la gravit&agrave; dell'avvelenamento dalla sola concentrazione plasmatica; l'assorbimento dell&rsquo;acido acetilsalicilico pu&ograve; essere ritardato a causa di uno svuotamento gastrico ridotto, della formazione di concrezioni nello stomaco, o in conseguenza dell'ingestione di preparati gastroresistenti. La gestione di un'intossicazione da acido acetilsalicilico &egrave; determinata dall&rsquo;entit&agrave;, dallo stadio e dai sintomi clinici di quest'ultima, e deve essere attuata secondo le tecniche convenzionali di gestione degli avvelenamenti. Le misure principali da adottare consistono nell'accelerazione dell&rsquo;escrezione del farmaco e nel ripristino del metabolismo elettrolitico e acido-base. Per i complessi effetti fisiopatologici, connessi con l'avvelenamento da salicilati, i segni e sintomi/risultati delle indagini biochimiche e strumentali, possono comprendere: <table border=1 cellspacing=0 cellpadding=3> <tr> <td> <b> <i> Segni e sintomi</i> </b> </td> <td> <b> Risultati delle indagini biochimiche e strumentali</b> </td> <td> <b> <i> Misure terapeutiche</i> </b> </td> </tr> <tr> <td> <b>INTOSSICAZIONE DA LIEVE A MODERATA</b> </td> <td>&nbsp;</td> <td> Lavanda gastrica, somministrazione ripetuta di carbone attivo, diuresi alcalina forzata</td> </tr> <tr> <td> Tachipnea, iperventilazione, alcalosi respiratoria</td> <td> Alcalemia, alcaluria</td> <td> Gestione dei liquidi e degli elettroliti</td> </tr> <tr> <td> Sudorazione</td> <td>&nbsp;</td> <td>&nbsp;</td> </tr> <tr> <td> Nausea, vomito, cefalea, vertigini</td> <td>&nbsp;</td> <td>&nbsp;</td> </tr> <tr> <td> <b>INTOSSICAZIONE DA MODERATA A GRAVE</b> </td> <td>&nbsp;</td> <td> Lavanda gastrica, somministrazione ripetuta di carbone attivo, diuresi alcalina forzata, emodialisi nei casi gravi</td> </tr> <tr> <td> Alcalosi respiratoria con acidosi metabolica compensatoria,</td> <td> Acidemia, aciduria</td> <td> Gestione dei liquidi e degli elettroliti</td> </tr> <tr> <td> Iperpiressia</td> <td>&nbsp;</td> <td> Gestione dei liquidi e degli elettroliti</td> </tr> <tr> <td> Respiratori: variabili dall&rsquo;iperventilazione ed edema polmonare non cardiogeno fino all&rsquo;arresto respiratorio e asfissia</td> <td>&nbsp;</td> <td>&nbsp;</td> </tr> <tr> <td> Cardiovascolari: variabili dalle aritmie e ipotensione fino all&rsquo;arresto cardiocircolatorio</td> <td> Ad es. alterazione della pressione arteriosa, alterazione dell&rsquo;ECG</td> <td>&nbsp;</td> </tr> <tr> <td> Perdita di liquidi e di elettroliti: disidratazione, dall&rsquo;oliguria fino all&rsquo;insufficienza renale</td> <td> Ad es. ipokaliemia, iperna&Acirc;&ndash;triemia, iponatriemia, funzionalit&agrave; renale alterata</td> <td> Gestione dei liquidi e degli elettroliti</td> </tr> <tr> <td> Alterazioni del metabolismo glucidico, cheto&Acirc;&ndash;si</td> <td> Iperglicemia, ipoglicemia (specialmente nei bambini) Incrementati livelli dei chetoni</td> <td>&nbsp;</td> </tr> <tr> <td> Tinnito, sordit&agrave;</td> <td>&nbsp;</td> <td>&nbsp;</td> </tr> <tr> <td> Gastrointestinali: sanguinamento gastrointestinale, ulcera gastrica</td> <td>&nbsp;</td> <td>&nbsp;</td> </tr> <tr> <td> Ematologici: coagulopatia, anemia sideropenica</td> <td> Ad es. prolungamento del PT, ipoprotrombinemia</td> <td>&nbsp;</td> </tr> <tr> <td> Neurologici: encefalopatia tossica e depressione del SNC con manifestazioni variabili dalla letargia e confusione fino al coma e alle convulsioni. Edema cerebrale.</td> <td>&nbsp;</td> <td>&nbsp;</td> </tr> <tr> <td> Epatici: danni epatici</td> <td> Aumento dei livelli degli enzimi epatici</td> <td>&nbsp;</td> </tr> </table> A dosaggi elevati possono comparire anche: Alterazioni del gusto. Eruzioni cutanee (acneiformi, eritematose, scarlattiniformi, eczematoidi, desquamative,bollose, purpuriche), prurito. Altri: congiuntivite, anoressia, riduzione dell&rsquo;acuita&rsquo; visiva, sonnolenza. Raramente: anemia aplastica, agranulocitosi, coagulazione intravascolare disseminata, pancitopenia, leucopenia, trombocitopenia, eosinopenia, porpora, eosinofilia associata all&rsquo;epatotossicita&rsquo; indotta dal farmaco, nefrotossicita&rsquo; (nefrite tubulo-interstiziale allergica), ematuria (presenza di sangue nelle urine). Reazioni allergiche acute conseguenti ad assunzione di acido acetilsalicilico, possono essere trattate, se necessario, con somministrazione di adrenalina, corticosteroidi e di un antistaminico. In caso di sovradosaggio contattare immediatamente un centro antiveleni o il pi&ugrave; vicino ospedale. L&rsquo;acido acetilsalicilico &egrave; dializzabile.</p>  <h3>Conservazione</h3>  <p>Conservare a temperatura inferiore ai 25&deg; C.</p>",ASPIRINA 500 MG GRANULATO,1,1,4,6.98,,,,Taxable Goods,3,1,221,004763405,2759,aspirina-500-mg-granulato-004763405
004763544,default,Default,simple,54,base,ASPIRINA 500 MG GRANULATO,"<h3>Denominazione</h3>  <p>ASPIRINA 500 MG GRANULATO</p>  <h3>Principi attivi</h3>  <p>Una bustina contiene: <u>principio attivo:</u> acido acetilsalicilico: 500 mg; eccipienti: aspartame. Per l&rsquo;elenco completo degli eccipienti, vedere paragrafo 6.1.</p>  <h3>Eccipienti</h3>  <p>Citrato monosodico; sodio idrogeno carbonato; acido citrico; mannitolo; acido ascorbico; aroma cola (contiene etanolo); aroma arancio; aspartame.</p>  <h3>Indicazioni terapeutiche</h3>  <p>Trattamento sintomatico di mal di testa e di denti, nevralgie, dolori mestruali, dolori reumatici e muscolari. Terapia sintomatica degli stati febbrili e delle sindromi influenzali e da raffreddamento.</p>  <h3>Posologia</h3>  <p>Adulti 1 o 2 bustine di granulato come dose singola, ripetendo, se necessario, la dose ad intervalli di 4-8 ore fino a 2-3 volte al giorno. Non superare mai il dosaggio massimo di 2 bustine 3 volte al giorno (max 6 bustine al d&igrave;). Aspirina 500 mg granulato pu&ograve; essere posta direttamente sulla lingua. Si dissolve con la saliva questo ne consente l&rsquo;impiego senza acqua. L&rsquo;uso del prodotto &egrave; riservato ai soli pazienti adulti. Utilizzare sempre il dosaggio minimo efficace ed aumentarlo solo se non &egrave; sufficiente ad alleviare i sintomi (dolore o febbre). I soggetti maggiormente esposti al rischio di effetti indesiderati gravi, che possono usare il farmaco solo se prescritto dal medico, devono seguirne scrupolosamente le istruzioni (vedere paragrafo 4.4). Usare il medicinale per il periodo pi&ugrave; breve possibile. Non assumere il prodotto per pi&ugrave; di 3-5 giorni senza il parere del medico. Consultare il medico nel caso in cui i sintomi persistano. Assumere il medicinale preferibilmente dopo i pasti principali o, comunque, a stomaco pieno. <u>Popolazioni speciali </u> <b> <u>Popolazione pediatrica</u> </b> Aspirina 500 mg granulato non &egrave; indicato per l&rsquo;uso nella popolazione pediatrica ( vedere paragrafo 4.4). <b> <u>Anziani</u> </b> Nei pazienti anziani utilizzare il dosaggio minimo efficace. <b> <u>Pazienti con compromissione della funzione epatica </u> </b> L&rsquo;acido acetilsalicilico deve essere usato con cautela nei pazienti con compromissione della funzione epatica (vedere paragrafo 4.4). <b> <u>Pazienti con compromissione della funzione renale</u> </b> L&rsquo;acido acetilsalicilico deve essere usato con cautela nei pazienti con compromissione della funzione renale (vedere paragrafo 4.4).</p>  <h3>Controindicazioni</h3>  <p>Aspirina 500 mg granulato &egrave; controindicata in caso di: - ipersensibilit&agrave; al principio attivo (acido acetilsalicilico), ad altri analgesici (antidolorifici) /antipiretici (antifebbrili) / farmaci antinfiammatori non steroidei (FANS) o ad uno qualsiasi degli eccipienti; - ulcera gastroduodenale; - diatesi emorragica; - insufficienza renale, cardiaca o epatica gravi - deficit della glucosio -6-fosfato deidrogenasi (G6PD/favismo);- trattamento concomitante con metotrexato (a dosi di 15 mg/settimana o pi&ugrave;) o con warfarin (vedere paragrafo 4.5); -anamnesi di asma indotta dalla somministrazione di salicilati o sostanze ad attivit&agrave; simile, in particolare farmaci antinfiammatori non steroidei; - ultimo trimestre di gravidanza e allattamento (vedere paragrafo 4.6); - bambini e ragazzi di et&agrave; inferiore a 16 anni.</p>  <h3>Avvertenze e precauzioni</h3>  <p><b>Reazioni di ipersensibilit&agrave;</b> L&rsquo;acido acetilsalicilico e gli altri FANS possono causare reazioni di ipersensibilit&agrave; (compresi attacchi d&rsquo;asma, rinite, angioedema o orticaria). Il rischio &egrave; maggiore nei soggetti che gi&agrave; in passato hanno presentato una reazione di ipersensibilit&agrave; dopo l&rsquo;uso di questo tipo di farmaci (vedere paragrafo 4.3) e nei soggetti che presentano reazioni allergiche ad altre sostanze (es. reazioni cutanee, prurito, orticaria). Nei soggetti con asma e/o rinite (con o senza poliposi nasale) e/o orticaria le reazioni possono essere pi&ugrave; frequenti e gravi. In rari casi le reazioni possono essere molto gravi e potenzialmente fatali. Nei casi seguenti la somministrazione del farmaco richiede la prescrizione del medico dopo accurata valutazione del rapporto rischio/beneficio: - <i>Soggetti a maggior rischio di reazioni di ipersensibilit&agrave; (vedi sopra)</i> - <i>Soggetti a maggiore rischio di lesioni gastrointestinali</i> L&rsquo;acido acetilsalicilico e gli altri FANS possono causare gravi effetti indesiderati a livello gastrointestinale (sanguinamento, ulcera, perforazione). Per tale motivo questi farmaci non devono essere usati dai soggetti affetti da ulcera gastrointestinale o sanguinamenti gastrointestinali. &Egrave; prudente che ne evitino l&rsquo;uso anche coloro che in passato hanno sofferto di ulcera gastrointestinale o sanguinamenti gastrointestinali. Il rischio di lesioni gastrointestinali &egrave; un effetto dose correlato, in quanto la gastrolesivit&agrave; &egrave; maggiore in soggetti che fanno un uso di dosi pi&ugrave; elevate di acido acetilsalicilico. Anche i soggetti con abitudine all&rsquo;assunzione di forti quantit&agrave; di alcool sono maggiormente esposti al rischio di lesioni gastrointestinali (sanguinamenti in particolare) (vedere paragrafo 4.5). - <i>Soggetti con difetti della coagulazione o in trattamento con anticoagulanti</i> Nei soggetti affetti da difetti della coagulazione o in trattamento con anticoagulanti l&rsquo;acido acetilsalicilico e gli altri FANS possono causare una grave riduzione delle capacit&agrave; emostatiche esponendo a rischio di emorragia. - <i>Soggetti con compromissione della funzione renale o cardiaca o epatica</i> L&rsquo;acido acetilsalicilico e gli altri FANS possono essere causa di una riduzione critica della funzione renale e di ritenzione idrica; il rischio &egrave; maggiore nei soggetti in trattamento con diuretici. Ci&ograve; pu&ograve; essere particolarmente pericoloso per gli anziani e per i soggetti con compromissione della funzione renale o cardiaca o epatica. - <i>Soggetti affetti da asma</i> L&rsquo;acido acetilsalicilico e gli altri FANS possono causare un aggravamento dell&rsquo;asma. <i>Et&agrave; geriatrica (specialmente al di sopra dei 75 anni)</i> Il rischio di effetti indesiderati gravi &egrave; maggiore nei soggetti in et&agrave; geriatrica. I soggetti di et&agrave; superiore ai 70 anni, soprattutto in presenza di terapie concomitanti, devono usare Aspirina 500 mg granulato solo dopo aver consultato il medico. Aspirina 500 mg granulato non deve essere utilizzato nella popolazione pediatrica (vedere paragrafo 4.3). I prodotti contenenti acido acetilsalicilico non devono essere utilizzati nei bambini e negli adolescenti di et&agrave; inferiore ai 16 anni con infezioni virali, a prescindere dalla presenza o meno di febbre. In certe affezioni virali, specialmente influenza A, influenza B e varicella, esiste il rischio di Sindrome di Reye, una malattia molto rara, ma pericolosa per la vita, che richiede un immediato intervento medico. Il rischio puo&rsquo; essere aumentato in caso di assunzione contemporanea di acido acetilsalicilico, sebbene non sia stata dimostrata una relazione causale. Il vomito persistente in pazienti affetti da queste malattie puo&rsquo; essere un segno di Sindrome di Reye. - <i>Soggetti con iperuricemia/gotta</i> L&rsquo;acido acetilsalicilico pu&ograve; interferire con l&rsquo;eliminazione dell&rsquo;acido urico: alte dosi hanno un effetto uricosurico mentre dosi (molto) basse possono ridurne l&rsquo;escrezione. Occorre inoltre considerare che l&rsquo;acido acetilsalicilico e gli altri FANS possono mascherare i sintomi della gotta ritardandone la diagnosi. &Egrave; anche possibile un effetto antagonista con i farmaci uricosurici (vedere paragrafo 4.5).- <i>Associazione di farmaci non raccomandate o che richiedono precauzioni particolari o un aggiustamento del dosaggio</i> L&rsquo;uso di acido acetilsalicilico in associazione ad alcuni farmaci pu&ograve; aumentare il rischio di effetti indesiderati gravi (vedere paragrafo 4.5). Non usare l&rsquo;acido acetilsalicilico insieme ad un altro FANS o, comunque, non usare pi&ugrave; di un FANS per volta. <i>Informazioni sugli eccipienti</i> Questo medicinale contiene meno di 1 mmol (23 mg) di sodio per bustina, cio&egrave; essenzialmente &ldquo;senza sodio&rdquo;. Questo medicinale contiene 5 mg di aspartame per bustina. Aspartame &egrave; una fonte di fenilalanina. Pu&ograve; esserle dannoso se &egrave; affetto da fenilchetonuria, una rara malattia genetica che causa l'accumulo di fenilalanina perch&eacute;' il corpo non riesce a smaltirla correttamente. Questo medicinale contiene 0.001 mg di alcol (etanolo) in ogni bustina. La quantit&agrave; in ciascuna bustina di questo medicinale &egrave; equivalente a meno di 1 ml di birra o 1 ml di vino. La piccola quantit&agrave; di alcol in questo medicinale non produrr&agrave; effetti rilevanti. <i>Chirurgia</i> Se si deve essere sottoposti ad un intervento chirurgico (anche di piccola entit&agrave;, ad esempio l&rsquo;estrazione di un dente) e nei giorni precedenti si &egrave; fatto uso di acido acetilsalicilico o di un altro FANS occorre informarne il chirurgo per i possibili effetti sulla coagulazione. Dato che l&rsquo;acido acetilsalicilico pu&ograve; essere causa di sanguinamento gastrointestinale occorre tenerne conto nel caso fosse necessario eseguire una ricerca del sangue occulto. Prima di somministrare un qualsiasi medicinale devono essere adottate tutte le precauzioni utili a prevenire reazioni indesiderate; particolarmente importante &egrave; l&rsquo;esclusione di precedenti reazioni di ipersensibilit&agrave; a questo o ad altri medicinali e l&rsquo;esclusione delle altre controindicazioni o delle condizioni che possono esporre a rischio di effetti indesiderati potenzialmente gravi sopra riportate. In caso di dubbio consultare il proprio medico o farmacista. L&rsquo;assunzione del prodotto deve avvenire a stomaco pieno.</p>  <h3>Interazioni</h3>  <p>Associazioni controindicate (evitare l&rsquo;uso concomitante -vedere paragrafo 4.3) - <u>Metotrexato (dosi maggiori o uguali a 15 mg/settimana): </u>aumento dei livelli plasmatici e della tossicit&agrave; del metotrexato; il rischio di effetti tossici &egrave; maggiore se la funzione renale &egrave; compromessa. - <u>Warfarin:</u> grave aumento del rischio di emorragia per potenziamento dell&rsquo;effetto anticoagulante. Associazioni non raccomandate (l&rsquo;uso concomitante dei due farmaci richiede la prescrizione del medico dopo accurata valutazione del rapporto rischio/beneficio- vedere paragrafo 4.4) <u>Antiaggreganti piastrinici: </u>aumento del rischio di emorragia per somma dell&rsquo;effetto antiaggregante. <u>Trombolitici</u> o <u>Anticoagulanti orali o parenterali:</u> aumento del rischio di emorragia per potenziamento dell&rsquo;effetto farmacologico. <u>FANS</u> (uso topico escluso): aumento del rischio di effetti indesiderati gravi. <u>Metotrexato (dosi inferiori a 15mg/settimana): </u>l&rsquo;aumento del rischio di effetti tossici (vedi sopra) deve essere considerato anche per il trattamento con Metotrexato a bassi dosaggi. <u>Inibitori selettivi del re-uptake della Serotonina (SSRI):</u> incremento del rischio di sanguinamento dell&rsquo;apparato gastrointestinale superiore a causa di un possibile effetto sinergico. Associazioni che richiedono precauzioni particolari o un aggiustamento del dosaggio (l&rsquo;uso concomitante dei due farmaci richiede la prescrizione del medico dopo accurata valutazione del rapporto rischio/beneficio- vedere paragrafo 4.4) <u>ACE-inibitori: </u>riduzione dell&rsquo;effetto ipotensivo; aumento del rischio di compromissione della funzione renale. <u>Acido Valproico: </u>aumento dell&rsquo;effetto dell&rsquo;acido valproico (rischio di tossicit&agrave;). <u>Antiacidi:</u> gli antiacidi assunti contemporaneamente ad altri farmaci possono ridurne l&rsquo;assorbimento; l&rsquo;escrezione di acido acetilsalicilico aumenta nelle urine alcalinizzate. <u>Antidiabetici (es: insulina e ipoglicemizzanti orali)</u>: aumento dell&rsquo;effetto ipoglicemizzante; l&rsquo;uso dell&rsquo;acido acetilsalicilico nei soggetti in trattamento con antidiabetici deve tener conto del rischio di indurre ipoglicemia. <u>Digossina:</u> aumento della concentrazione plasmatica di digossina per diminuzione dell&rsquo;eliminazione renale. <u>Diuretici</u>: aumento del rischio di nefrotossicit&agrave; dell&rsquo;acido acetilsalicilico e degli altri FANS; riduzione dell&rsquo;effetto dei diuretici. <u>Acetazolamide</u>: ridotta eliminazione di acetazolamide (rischio di tossicit&agrave;) <u>Fenitoina: </u>aumento dell&rsquo;effetto della fenitoina. <u>Corticosteroidi</u> (esclusi quelli per uso topico e quelli impiegati per la terapia dell&rsquo; insufficienza corticosurrenale): a)aumento del rischio di lesioni gastrointestinali; b) a causa dell&rsquo;aumentata eliminazione dei salicilati indotta dai corticosteroidi si ha riduzione dei livelli plasmatici di salicilato. Per contro, dopo interruzione del trattamento corticosteroideo, si puo&rsquo; verificare sovradosaggio di salicilati. <u>Metoclopramide: </u>aumento dell&rsquo;effetto dell&rsquo;acido acetilsalicilico per incremento della velocit&agrave; di assorbimento. <u>Uricosurici (es: probenecid, benzbromarone): </u>diminuzione dell&rsquo;effetto uricosurico. <u>Zafirlukast: </u>aumento della concentrazione plasmatica di zafirlukast. Aspirina 500 mg granulato contiene sistemi tampone che potrebbero ridurre gli effetti dell&rsquo;ormone tiroideo Levotiroxina. <b>Alcool (vedere paragrafo 4.4)</b> La somma degli effetti dell&rsquo;alcool e dell&rsquo;acido acetilsalicilico provoca aumento del danno della mucosa gastrointestinale e prolungamento del tempo di sanguinamento. &Egrave; comunque opportuno non somministrare altri farmaci per via orale entro 1 o 2 ore dall&rsquo;impiego del prodotto.</p>  <h3>Gravidanza e allattamento</h3>  <p><u>Fertilit&agrave;</u> L&rsquo;uso di acido acetilsalicilico come di qualsiasi farmaco inibitore della sintesi delle prostaglandine e della cicloossigenasi potrebbe interferire con la fertilit&agrave;; di cio&rsquo; devono essere informati i soggetti di sesso femminile ed in particolare le donne che hanno problemi di fertilit&agrave; o che sono sottoposte ad indagini sulla fertilit&agrave;. <u>Gravidanza</u> L&rsquo;inibizione della sintesi delle prostaglandine pu&ograve; influire negativamente sulla gravidanza e/o sullo sviluppo embrio/fetale. Risultati di studi epidemiologici suggeriscono un aumentato rischio di aborto e di malformazione cardiaca e di gastroschisi dopo l&rsquo;uso di un inibitore della sintesi delle prostaglandine, nelle prime fasi della gravidanza. Il rischio assoluto di malformazioni cardiache era aumentato da meno dell&rsquo;1% fino a circa l&rsquo;1,5%. &Egrave; stato stimato che il rischio aumenta con la dose e la durata della terapia. Negli animali la somministrazione di inibitori della sintesi di prostaglandine ha mostrato di provocare un aumento della perdita di pre e post- impianto e di mortalit&agrave; embrio-fetale. Inoltre, un aumento di incidenza di varie malformazioni, inclusa quella cardiovascolare, &egrave; stato riportato in animali a cui erano stati somministrati inibitori di sintesi delle prostaglandine, durante il periodo organogenetico. Durante il primo e secondo trimestre di gravidanza, l&rsquo;acido acetilsalicilico non deve essere somministrato se non in caso di effettiva necessit&agrave;. Qualora farmaci contenenti acido acetilsalicilico siano usati da una donna che cerca una gravidanza, o durante il primo e il secondo trimestre di gravidanza, il trattamento dovr&agrave; essere il pi&ugrave; breve possibile e la dose la pi&ugrave; bassa possibile. Durante il terzo trimestre di gravidanza, tutti gli inibitori della sintesi delle prostaglandine possono esporre: il feto a: - tossicit&agrave; cardiopolmonare (con chiusura prematura del dotto arterioso e ipertensione polmonare); - disfunzione renale, che pu&ograve; progredire ad insufficienza renale con oligo-idroamnios; la madre e il nascituro, alla fine della gravidanza, a: - possibile prolungamento del tempo di sanguinamento, un effetto antiaggregante che pu&ograve; manifestarsi anche a dosi molto basse; - inibizione delle contrazioni uterine risultanti in ritardo o prolungamento del travaglio. Conseguentemente, l&rsquo;acido acetilsalicilico &egrave; controindicato durante il terzo trimestre di gravidanza. <u>Allattamento</u> Aspirina 500 mg granulato &egrave; controindicata durante l&rsquo;allattamento (vedere paragrafo 4.3).</p>  <h3>Effetti sulla guida e sull'uso di macchinari</h3>  <p>A causa della possibile insorgenza di cefalea o vertigini questo medicinale pu&ograve; compromettere la capacit&agrave; di guidare veicoli e di usare macchinari.</p>  <h3>Effetti indesiderati</h3>  <p>Gli effetti indesiderati osservati pi&ugrave; frequentemente sono a carico dell&rsquo;apparato gastrointestinale e possono manifestarsi in circa il 4% dei soggetti che assumono acido acetilsalicilico come analgesico-antipiretico. Tale percentuale aumenta sensibilmente nei soggetti a rischio di disturbi gastrointestinali. Questi disturbi possono essere parzialmente alleviati assumendo il medicinale a stomaco pieno. La maggior parte degli effetti indesiderati sono dipendenti sia dalla dose che dalla durata del trattamento. Gli effetti indesiderati osservati con l&rsquo;acido acetilsalicilico sono generalmente comuni agli altri FANS. <b>Patologie del sistema emolinfopoietico:</b> prolungamento del tempo di sanguinamento, anemia da emorragia gastrointestinale, riduzione delle piastrine (trombocitopenia) in casi estremamente rari. A seguito di emorragia pu&ograve; manifestarsi anemia emorragica/sideropenica (dovuta, per esempio, a microemorragie occulte) con le relative alterazioni dei parametri di laboratorio ed i relativi segni e sintomi clinici come astenia, pallore e ipoperfusione. <b>Patologie del sistema nervoso:</b> cefalea, capogiro. Raramente: sindrome di Reye (*) Da raramente a molto raramente: emorragia cerebrale, specialmente in pazienti con ipertensione non controllata e/o in terapia con anticoagulanti, che, in casi isolati, pu&ograve; risultare potenzialmente letale. <b>Patologie dell&rsquo;orecchio e del labirinto:</b> tinnito (ronzio/fruscio/tintinnio/fischio auricolare). <b>Patologie respiratorie, toraciche e mediastiniche:</b> malattia respiratoria esacerbata dall&rsquo; acido acetilsalicilico,sindrome asmatica, rinite (rinorrea profusa), congestione nasale (associate a reazioni d&rsquo;ipersensibilit&agrave;). Epistassi. <b> <i>Patologie cardiache:</i> </b> distress cardiorespiratorio (associato a reazioni d&rsquo;ipersensibilit&agrave;). <b> <i>Patologie dell&rsquo;occhio:</i> </b> congiuntivite (associato a reazioni d&rsquo;ipersensibilit&agrave;). <b> <i>Patologie gastrointestinali:</i> </b> sanguinamento gastrointestinale (occulto), disturbi gastrici, pirosi, dolore gastrointestinale, gengivorragia. Vomito, diarrea, nausea, dolore addominale crampiforme (associate a reazioni d&rsquo;ipersensibilit&agrave;). Raramente: infiammazione gastrointestinale, erosione gastrointestinale, ulcerazione gastrointestinale ematemesi (vomito di sangue o di materiale &ldquo;a posa di caff&egrave;&rdquo;), melena (emissione di feci nere, picee), esofagite. Molto raramente: ulcera gastrointestinale emorragica e/o perforazione gastrointestinale con i relativi segni e sintomi clinici ed alterazioni dei parametri di laboratorio. Frequenza non nota (soprattutto nel trattamento a lungo termine): - Malattia dei diaframmi intestinali. <b>Patologie epatobiliari:</b> raramente: epatotossicit&agrave; (lesione epatocellulare generalmente lieve e asintomatica) che si manifesta con un aumento delle transaminasi. <b>Patologie della cute e del tessuto sottocutaneo:</b> eruzione cutanea, edema, orticaria, prurito, eritema, angioedema (associate a reazioni di ipersensibilit&agrave;). <b> <i>Patologie renali ed urinarie:</i> </b> alterazione della funzione renale e lesione renale acuta (in presenza di condizioni di alterata emodinamica renale), emorragie urogenitali. <b> <i>Patologie sistemiche e condizioni relative alla sede di somministrazione:</i> </b> emorragie procedurali, ematomi. <b> <i> Disturbi del sistema immunitario:</i> </b> raramente: shock anafilattico con le relative alterazioni dei parametri di laboratorio e manifestazioni cliniche. (*) Sindrome di Reye (SdR) La SdR si manifesta inizialmente con il vomito (persistente o ricorrente) e con altri segni di sofferenza encefalica di diversa entit&agrave;: da svogliatezza, sonnolenza o alterazioni della personalit&agrave; (irritabilit&agrave; o aggressivit&agrave;) a disorientamento, confusione o delirio fino a convulsioni o perdita di coscienza. &Egrave; da tener presente la variabilit&agrave; del quadro clinico: anche il vomito pu&ograve; mancare o essere sostituito dalla diarrea. Se questi sintomi insorgono nei giorni immediatamente successivi ad un episodio influenzale (o simil-influenzale o di varicella o ad un&rsquo;altra infezione virale) durante il quale &egrave; stato somministrato acido acetilsalicilico o altri medicinali contenenti salicilati l&rsquo;attenzione del medico deve immediatamente essere rivolta alla possibilit&agrave; di una SdR. <u>Segnalazione delle reazioni avverse sospette</u> La segnalazione delle reazioni avverse sospette che si verificano dopo l&rsquo;autorizzazione del medicinale e&rsquo; importante, in quanto permette un monitoraggio continuo del rapporto beneficio/rischio del medicinale. Agli operatori sanitari &egrave; richiesto di segnalare qualsiasi reazione avversa sospetta tramite il sistema nazionale di segnalazione all&rsquo;indirizzo https://www.aifa.gov.it/content/segnalazioni-reazioni-avverse.</p>  <h3>Sovradosaggio</h3>  <p>La tossicit&agrave; da salicilati (un dosaggio superiore ai 100 mg/kg/giorno per 2 giorni consecutivi pu&ograve; indurre tossicit&agrave;) pu&ograve; essere la conseguenza di un&rsquo;assunzione cronica di dosi eccessive, oppure di sovradosaggio acuto, potenzialmente pericoloso per la vita e che comprende anche l&rsquo;ingestione accidentale nei bambini. <u>Intossicazione cronica da salicilati</u> L&rsquo;avvelenamento<b> cronico</b> da salicilati pu&ograve; essere insidioso dal momento che i segni e i sintomi sono aspecifici. Una lieve intossicazione cronica da salicilati, o salicilismo, in genere si verifica unicamente in seguito a utilizzo ripetuto di dosi considerevoli. Tra i sintomi vi sono il capogiro, le vertigini, il tinnito, la sordit&agrave;, la sudorazione, la nausea e il vomito, la cefalea e lo stato confusionale. Questi sintomi possono essere controllati riducendo il dosaggio. Il tinnito pu&ograve; manifestarsi a concentrazioni plasmatiche comprese tra i 150 e i 300 mi&Acirc;&ndash;crogrammi/ml, mentre a concentrazioni superiori ai 300 mi&Acirc;&ndash;crogrammi/ml si palesano eventi avversi pi&ugrave; gravi. <u>Intossicazione acuta da salicilati</u> La caratteristica principale dell'intossicazione<b> acuta</b> &egrave; una grave alterazione dell'equilibrio acido-base, che pu&ograve; variare con l'et&agrave; e la gravit&agrave; dell'intossicazione; la presentazione pi&ugrave; comune, nel bambino, &egrave; l'acidosi metabolica. Non &egrave; possibile stimare la gravit&agrave; dell'avvelenamento dalla sola concentrazione plasmatica; l'assorbimento dell&rsquo;acido acetilsalicilico pu&ograve; essere ritardato a causa di uno svuotamento gastrico ridotto, della formazione di concrezioni nello stomaco, o in conseguenza dell'ingestione di preparati gastroresistenti. La gestione di un'intossicazione da acido acetilsalicilico &egrave; determinata dall&rsquo;entit&agrave;, dallo stadio e dai sintomi clinici di quest'ultima, e deve essere attuata secondo le tecniche convenzionali di gestione degli avvelenamenti. Le misure principali da adottare consistono nell'accelerazione dell&rsquo;escrezione del farmaco e nel ripristino del metabolismo elettrolitico e acido-base. Per i complessi effetti fisiopatologici, connessi con l'avvelenamento da salicilati, i segni e sintomi/risultati delle indagini biochimiche e strumentali, possono comprendere: <table border=1 cellspacing=0 cellpadding=3> <tr> <td> <b> <i> Segni e sintomi</i> </b> </td> <td> <b> Risultati delle indagini biochimiche e strumentali</b> </td> <td> <b> <i> Misure terapeutiche</i> </b> </td> </tr> <tr> <td> <b>INTOSSICAZIONE DA LIEVE A MODERATA</b> </td> <td>&nbsp;</td> <td> Lavanda gastrica, somministrazione ripetuta di carbone attivo, diuresi alcalina forzata</td> </tr> <tr> <td> Tachipnea, iperventilazione, alcalosi respiratoria</td> <td> Alcalemia, alcaluria</td> <td> Gestione dei liquidi e degli elettroliti</td> </tr> <tr> <td> Sudorazione</td> <td>&nbsp;</td> <td>&nbsp;</td> </tr> <tr> <td> Nausea, vomito, cefalea, vertigini</td> <td>&nbsp;</td> <td>&nbsp;</td> </tr> <tr> <td> <b>INTOSSICAZIONE DA MODERATA A GRAVE</b> </td> <td>&nbsp;</td> <td> Lavanda gastrica, somministrazione ripetuta di carbone attivo, diuresi alcalina forzata, emodialisi nei casi gravi</td> </tr> <tr> <td> Alcalosi respiratoria con acidosi metabolica compensatoria,</td> <td> Acidemia, aciduria</td> <td> Gestione dei liquidi e degli elettroliti</td> </tr> <tr> <td> Iperpiressia</td> <td>&nbsp;</td> <td> Gestione dei liquidi e degli elettroliti</td> </tr> <tr> <td> Respiratori: variabili dall&rsquo;iperventilazione ed edema polmonare non cardiogeno fino all&rsquo;arresto respiratorio e asfissia</td> <td>&nbsp;</td> <td>&nbsp;</td> </tr> <tr> <td> Cardiovascolari: variabili dalle aritmie e ipotensione fino all&rsquo;arresto cardiocircolatorio</td> <td> Ad es. alterazione della pressione arteriosa, alterazione dell&rsquo;ECG</td> <td>&nbsp;</td> </tr> <tr> <td> Perdita di liquidi e di elettroliti: disidratazione, dall&rsquo;oliguria fino all&rsquo;insufficienza renale</td> <td> Ad es. ipokaliemia, iperna&Acirc;&ndash;triemia, iponatriemia, funzionalit&agrave; renale alterata</td> <td> Gestione dei liquidi e degli elettroliti</td> </tr> <tr> <td> Alterazioni del metabolismo glucidico, cheto&Acirc;&ndash;si</td> <td> Iperglicemia, ipoglicemia (specialmente nei bambini) Incrementati livelli dei chetoni</td> <td>&nbsp;</td> </tr> <tr> <td> Tinnito, sordit&agrave;</td> <td>&nbsp;</td> <td>&nbsp;</td> </tr> <tr> <td> Gastrointestinali: sanguinamento gastrointestinale, ulcera gastrica</td> <td>&nbsp;</td> <td>&nbsp;</td> </tr> <tr> <td> Ematologici: coagulopatia, anemia sideropenica</td> <td> Ad es. prolungamento del PT, ipoprotrombinemia</td> <td>&nbsp;</td> </tr> <tr> <td> Neurologici: encefalopatia tossica e depressione del SNC con manifestazioni variabili dalla letargia e confusione fino al coma e alle convulsioni. Edema cerebrale.</td> <td>&nbsp;</td> <td>&nbsp;</td> </tr> <tr> <td> Epatici: danni epatici</td> <td> Aumento dei livelli degli enzimi epatici</td> <td>&nbsp;</td> </tr> </table> A dosaggi elevati possono comparire anche: Alterazioni del gusto. Eruzioni cutanee (acneiformi, eritematose, scarlattiniformi, eczematoidi, desquamative,bollose, purpuriche), prurito. Altri: congiuntivite, anoressia, riduzione dell&rsquo;acuita&rsquo; visiva, sonnolenza. Raramente: anemia aplastica, agranulocitosi, coagulazione intravascolare disseminata, pancitopenia, leucopenia, trombocitopenia, eosinopenia, porpora, eosinofilia associata all&rsquo;epatotossicita&rsquo; indotta dal farmaco, nefrotossicita&rsquo; (nefrite tubulo-interstiziale allergica), ematuria (presenza di sangue nelle urine). Reazioni allergiche acute conseguenti ad assunzione di acido acetilsalicilico, possono essere trattate, se necessario, con somministrazione di adrenalina, corticosteroidi e di un antistaminico. In caso di sovradosaggio contattare immediatamente un centro antiveleni o il pi&ugrave; vicino ospedale. L&rsquo;acido acetilsalicilico &egrave; dializzabile.</p>  <h3>Conservazione</h3>  <p>Conservare a temperatura inferiore ai 25&deg; C.</p>",ASPIRINA 500 MG GRANULATO,1,1,4,10,,,,Taxable Goods,80,1,221,004763544,4473,aspirina-500-mg-granulato-004763544
004844015,default,Default,simple,54,base,"CEROTTO BERTELLI 50,3 MG CEROTTO MEDICATO","<h3>Denominazione</h3>  <p>CEROTTO BERTELLI 50,3 MG CEROTTO MEDICATO</p>  <h3>Principi attivi</h3>  <p>Un cerotto medicato contiene: principio attivo: 50,3 mg di Capsico oleoresina raffinata e titolata, da frutti maturi essiccati di <i>Capsicum annuum</i> L. var. <i>minimum</i> Miller (Heiser) o <i>Capsicum frutescens</i> L. variet&agrave; a piccoli frutti, corrispondenti a 6,3 mg (32 mcg/cm&sup2;) di capsaicinoidi espressi come capsaicina. Solvente di estrazione: etanolo minimo 90% V/V.</p>  <h3>Eccipienti</h3>  <p>Arnica essenza, olibano, gomma naturale, ferro ossido, resina staybelite, staybelite estere 3, Hercolin, iride rizoma, metile p-idrossi-benzoato, 2,2' metilen-bis- (4 metil-6 tertbutilfenolo), olio di ricino (eccipiente della preparazione vegetale).</p>  <h3>Indicazioni terapeutiche</h3>  <p>Trattamento sintomatico del dolore muscolare come la lombalgia.</p>  <h3>Posologia</h3>  <p>Posologia Adulti La dose raccomandata &egrave; 1 cerotto medicato al giorno da applicare sull&rsquo;area interessata e da mantenere per almeno 4-12 ore. Deve trascorrere un intervallo di almeno 12 ore prima dell&rsquo;applicazione di un nuovo cerotto sulla stessa area di applicazione. Non superare la dose massima giornaliera raccomandata. Popolazione pediatrica La sicurezza e l&rsquo;efficacia di Cerotto Bertelli nei bambini e negli adolescenti non &egrave; stata stabilita. Non sono disponibili dati. Modo di somministrazione Uso cutaneo. Applicare su cute asciutta e far aderire con un leggero massaggio. Durata di trattamento Usare per un breve periodo. L&rsquo;uso prolungato va stabilito dopo adeguata valutazione clinica.</p>  <h3>Controindicazioni</h3>  <p>Ipersensibilit&agrave; al principio attivo o ad altre fonti di capsaicinoidi (ad esempio piante di peperone o peperoncino. Cute lesa, ferite ed eczema.</p>  <h3>Avvertenze e precauzioni</h3>  <p>Si consiglia di asportare Cerotto Bertelli servendosi di un batuffolo di cotone imbevuto di acqua tiepida o olio di oliva. Il medicinale non deve essere applicato vicino agli occhi o sulle membrane mucose. Durante il trattamento, si deve evitare l&rsquo;applicazione di fonti di calore aggiuntive (ad es. radiazioni solari o infrarossi, cuscino termico o acqua calda). L&rsquo;effetto del calore pu&ograve; essere intensificato anche dall&rsquo;attivit&agrave; fisica (sudorazione). Il trattamento deve essere interrotto se l&rsquo;effetto di calore si manifesta in maniera eccessiva. In questo caso il cerotto deve essere rimosso. Se i sintomi peggiorano durante l&rsquo;uso del medicinale, consultare il medico o il farmacista.</p>  <h3>Interazioni</h3>  <p>Non sono note interazioni di alcun genere con altri medicamenti.Non sono stati eseguiti studi di interazione. Il cerotto non &egrave; concepito per essere applicato contemporaneamente ad altri prodotti per uso topico [ad es. altri rubefacenti (che aumentano la perfusione e causano arrossamento della cute) o gel antidolorifici] nello stesso sito di applicazione. Possono verificarsi interazioni con altri prodotti applicati nello stesso sito di applicazione anche fino a 12 ore dopo la rimozione del cerotto.</p>  <h3>Gravidanza e allattamento</h3>  <p>Non vengono descritte controindicazioni all'uso durante la gravidanza e l'allattamento. Gravidanza Non esistono dati sull&rsquo;uso nelle donne in gravidanza. Allattamento Studi animali hanno mostrato tossicit&agrave; per la riproduzione dopo dosi sottocutanee elevate di capsaicina. Capsaicina attraversa la placenta e pu&ograve; passare nel latte materno. Sebbene effetti prenatali e neonatali si siano verificati a dosi eccedenti la dose clinica massima di cerotto, il cerotto deve essere usato durante la gravidanza e l&rsquo;allattamento solo dopo attenta valutazione del rapporto rischio-beneficio. Fertilit&agrave; Non sono disponibili dati sulla fertilit&agrave;.</p>  <h3>Effetti sulla guida e sull'uso di macchinari</h3>  <p>Nessuno.</p>  <h3>Effetti indesiderati</h3>  <p>L'uso specie se prolungato del prodotto per uso topico pu&ograve; dare origine a fenomeni di sensibilizzazione. L&rsquo;ingrediente attivo causa un aumento della circolazione sanguigna locale con marcato arrossamento della cute e una sensazione di calore. Questa reazione &egrave; parte della normale azione farmacologica della preparazione e generalmente si attenua in breve tempo dopo la rimozione del cerotto. In rari casi (&asymp;1/10.000, &lt;1/1.000): possono verificarsi ipersensibilit&agrave; cutanea e reazioni allergiche (ad es. orticaria, vescicole e vescicolazione nel sito di applicazione). In questi casi il trattamento deve essere interrotto immediatamente. Soprattutto durante i primi giorni di trattamento pu&ograve; verificarsi una sensazione di irritazione o prurito. Se, nei singoli casi, gli effetti indesiderati manifestati sono eccessivi, il trattamento deve essere interrotto. <b> <u>Segnalazione delle reazioni avverse sospette</u> </b> La segnalazione delle reazioni avverse sospette che si verificano dopo l&rsquo;autorizzazione del medicinale &egrave; importante, in quanto permette un monitoraggio continuo del rapporto beneficio/rischio del medicinale. Agli operatori sanitari &egrave; richiesto di segnalare qualsiasi reazione avversa sospetta tramite il Sito web: https://www.aifa.gov.it/content/segnalazioni-reazioni-avverse.</p>  <h3>Sovradosaggio</h3>  <p>Un relativo sovradosaggio relativo pu&ograve; essere dovuto ad inadeguato impiego del preparato che pu&ograve; determinare fenomeni irritativi locali che richiedono la sospensione del farmaco ed un trattamento antinfiammatorio generico.</p>  <h3>Conservazione</h3>  <p>Non conservare a temperatura superiore ai 30&deg;C.</p>","CEROTTO BERTELLI 50,3 MG CEROTTO MEDICATO",1,1,4,7.00,,,,Taxable Goods,117,1,223,004844015,5131,cerotto-bertelli-50-3-mg-cerotto-medicato-004844015
004844027,default,Default,simple,54,base,"CEROTTO BERTELLI 96,5 MG CEROTTO MEDICATO","<h3>Denominazione</h3>  <p>CEROTTO BERTELLI 96,5 MG CEROTTO MEDICATO</p>  <h3>Principi attivi</h3>  <p>Un cerotto medicato contiene: principio attivo: 96,5 mg di Capsico oleoresina raffinata e titolata, da frutti maturi essiccati di <i>Capsicum annuum</i> L. var. <i>minimum</i> Miller (Heiser) o <i>Capsicum frutescens</i> L. variet&agrave; a piccoli frutti, corrispondenti a 12,2 mg (32 mcg/cm&sup2;) di capsaicinoidi espressi come capsaicina. Solvente di estrazione: etanolo minimo 90% V/V. Per l&rsquo;elenco completo degli eccipienti, vedere paragrafo 6.1.</p>  <h3>Eccipienti</h3>  <p>Arnica essenza, olibano, gomma naturale, ferro ossido, resina staybelite, staybelite estere 3, Hercolin, iride rizoma, metile p-idrossi-benzoato, 2,2' metilen-bis- (4 metil-6 tertbutilfenolo), olio di ricino (eccipiente della preparazione vegetale).</p>  <h3>Indicazioni terapeutiche</h3>  <p>Trattamento sintomatico del dolore muscolare come la lombalgia.</p>  <h3>Posologia</h3>  <p>Posologia Adulti La dose raccomandata &egrave; 1 cerotto medicato al giorno da applicare sull&rsquo;area interessata e da mantenere per almeno 4-12 ore. Deve trascorrere un intervallo di almeno 12 ore prima dell&rsquo;applicazione di un nuovo cerotto sulla stessa area di applicazione. Non superare la dose massima giornaliera raccomandata. Popolazione pediatrica La sicurezza e l&rsquo;efficacia di Cerotto Bertelli nei bambini e negli adolescenti non &egrave; stata stabilita. Non sono disponibili dati. Modo di somministrazione Uso cutaneo. Applicare su cute asciutta e far aderire con un leggero massaggio. Durata di trattamento Usare per un breve periodo. L&rsquo;uso prolungato va stabilito dopo adeguata valutazione clinica.</p>  <h3>Controindicazioni</h3>  <p>Ipersensibilit&agrave; al principio attivo o ad altre fonti di capsaicinoidi (ad esempio piante di peperone o peperoncino. Cute lesa, ferite ed eczema.</p>  <h3>Avvertenze e precauzioni</h3>  <p>Si consiglia di asportare Cerotto Bertelli servendosi di un batuffolo di cotone imbevuto di acqua tiepida o olio di oliva. Il medicinale non deve essere applicato vicino agli occhi o sulle membrane mucose. Durante il trattamento, si deve evitare l&rsquo;applicazione di fonti di calore aggiuntive (ad es. radiazioni solari o infrarossi, cuscino termico o acqua calda). L&rsquo;effetto del calore pu&ograve; essere intensificato anche dall&rsquo;attivit&agrave; fisica (sudorazione). Il trattamento deve essere interrotto se l&rsquo;effetto di calore si manifesta in maniera eccessiva. In questo caso il cerotto deve essere rimosso. Se i sintomi peggiorano durante l&rsquo;uso del medicinale, consultare il medico o il farmacista.</p>  <h3>Interazioni</h3>  <p>Non sono note interazioni di alcun genere con altri medicamenti.Non sono stati eseguiti studi di interazione. Il cerotto non &egrave; concepito per essere applicato contemporaneamente ad altri prodotti per uso topico [ad es. altri rubefacenti (che aumentano la perfusione e causano arrossamento della cute) o gel antidolorifici] nello stesso sito di applicazione. Possono verificarsi interazioni con altri prodotti applicati nello stesso sito di applicazione anche fino a 12 ore dopo la rimozione del cerotto.</p>  <h3>Gravidanza e allattamento</h3>  <p>Non vengono descritte controindicazioni all'uso durante la gravidanza e l'allattamento. Gravidanza Non esistono dati sull&rsquo;uso nelle donne in gravidanza. Allattamento Studi animali hanno mostrato tossicit&agrave; per la riproduzione dopo dosi sottocutanee elevate di capsaicina. Capsaicina attraversa la placenta e pu&ograve; passare nel latte materno. Sebbene effetti prenatali e neonatali si siano verificati a dosi eccedenti la dose clinica massima di cerotto,, il cerotto deve essere usato durante la gravidanza e l&rsquo;allattamento solo dopo attenta valutazione del rapporto rischio-beneficio. Fertilit&agrave; Non sono disponibili dati sulla fertilit&agrave;.</p>  <h3>Effetti sulla guida e sull'uso di macchinari</h3>  <p>Nessuno.</p>  <h3>Effetti indesiderati</h3>  <p>L'uso specie se prolungato del prodotto per uso topico pu&ograve; dare origine a fenomeni di sensibilizzazione. L&rsquo;ingrediente attivo causa un aumento della circolazione sanguigna locale con marcato arrossamento della cute e una sensazione di calore. Questa reazione &egrave; parte della normale azione farmacologica della preparazione e generalmente si attenua in breve tempo dopo la rimozione del cerotto. In rari casi (&asymp;1/10.000, &lt;1/1.000): possono verificarsi ipersensibilit&agrave; cutanea e reazioni allergiche (ad es. orticaria, vescicole e vescicolazione nel sito di applicazione). In questi casi il trattamento deve essere interrotto immediatamente. Soprattutto durante i primi giorni di trattamento pu&ograve; verificarsi una sensazione di irritazione o prurito. Se, nei singoli casi, gli effetti indesiderati manifestati sono eccessivi, il trattamento deve essere interrotto. <b> <u>Segnalazione delle reazioni avverse sospette</u> </b> La segnalazione delle reazioni avverse sospette che si verificano dopo l&rsquo;autorizzazione del medicinale &egrave; importante, in quanto permette un monitoraggio continuo del rapporto beneficio/rischio del medicinale. Agli operatori sanitari &egrave; richiesto di segnalare qualsiasi reazione avversa sospetta tramite il Sito web: https://www.aifa.gov.it/content/segnalazioni-reazioni-avverse.</p>  <h3>Sovradosaggio</h3>  <p>Un relativo sovradosaggio pu&ograve; essere dovuto ad inadeguato impiego del preparato che pu&ograve; determinare fenomeni irritativi locali che richiedono la sospensione del farmaco ed un trattamento antinfiammatorio generico.</p>  <h3>Conservazione</h3>  <p>Non conservare a temperatura superiore ai 30&deg;C.</p>","CEROTTO BERTELLI 96,5 MG CEROTTO MEDICATO",1,1,4,9.90,,,,Taxable Goods,111,1,223,004844027,5131,cerotto-bertelli-96-5-mg-cerotto-medicato-004844027
004853014,default,Default,simple,54,base,VALERIANA DISPERT 45 MG COMPRESSE RIVESTITE,"<h3>Denominazione</h3>  <p>VALERIANA DISPERT 45 MG COMPRESSE RIVESTITE</p>  <h3>Principi attivi</h3>  <p>Una compressa rivestita contiene: <u>Principio attivo</u>: estratto secco di radice di Valeriana mg 45 preparato con etanolo 70 % v/v (rapporto radice di Valeriana: estratto pari a 3&ndash;6: 1). Eccipienti con effetti noti: lattosio e saccarosio. Per l&rsquo;elenco completo degli eccipienti, vedere paragrafo 6.1.</p>  <h3>Eccipienti</h3>  <p>Destrina, cellulosa microcristallina, lattosio monoidrato, macrogol 4000, silice colloidale anidra, magnesio stearato, lacca, ipromellosa, talco, magnesio ossido leggero, gomma arabica, saccarosio, povidone K25, macrogol 6000, titanio diossido, carmellosa sodica, cera bianca, cera carnauba.</p>  <h3>Indicazioni terapeutiche</h3>  <p>Blando sedativo, anche per favorire il riposo notturno.</p>  <h3>Posologia</h3>  <p><u>Posologia</u> Bambini: 1&ndash;2 compresse rivestite due volte al d&igrave;, adulti: 1&ndash;3 compresse rivestite tre volte al d&igrave;. <u>Modo di somministrazione</u> Le compresse rivestite devono essere inghiottite senza masticare.</p>  <h3>Controindicazioni</h3>  <p>Ipersensibilit&agrave; al principio attivo o ad uno qualsiasi degli eccipienti elencati al paragrafo 6.1. Generalmente controindicato in gravidanza e durante l&rsquo;allattamento.</p>  <h3>Avvertenze e precauzioni</h3>  <p>Non superare le dosi consigliate. Consultare il medico se i sintomi persistono per pi&ugrave; di 2 settimane o se peggiorano durante il trattamento. <b>Valeriana DISPERT contiene lattosio</b>: I pazienti affetti da rari problemi ereditari di intolleranza al galattosio, da deficit di Lapp lattasi o da malassorbimento di glucosio&ndash;galattosio, non devono assumere questo medicinale. <b>Valeriana DISPERT contiene saccarosio</b>: I pazienti affetti da rari problemi ereditari di intolleranza al fruttosio, da malassorbimento di glucosio&ndash;galattosio, o da insufficienza di sucrasi isomaltasi, non devono assumere questo medicinale. <b>Tenere il medicinale fuori dalla portata dei bambini.</b></p>  <h3>Interazioni</h3>  <p>Non sono state segnalate interazioni. Il paziente &egrave; comunque invitato a chiedere consiglio al medico se sta assumendo altri farmaci.</p>  <h3>Gravidanza e allattamento</h3>  <p>Poich&eacute; non sono disponibili dati sull&rsquo;uso durante la gravidanza e l&rsquo;allattamento, in via precauzionale, ne &egrave; generalmente sconsigliato l&rsquo;uso. Non sono stati segnalati effetti avversi in seguito all&rsquo;uso comune di radice di valeriana come medicinale, ma al riguardo mancano adeguati dati sperimentali.</p>  <h3>Effetti sulla guida e sull'uso di macchinari</h3>  <p>&Egrave; sconsigliata l&rsquo;assunzione di preparazioni a base di valeriana immediatamente prima (fino a due ore) di mettersi alla guida o di usare macchinari. L&rsquo;effetto delle preparazioni di valeriana pu&ograve; essere aumentato dal consumo di alcool.</p>  <h3>Effetti indesiderati</h3>  <p>Non sono noti effetti indesiderati da attribuire all&rsquo;uso del medicinale alle condizioni raccomandate e per brevi periodi di tempo. <b>Segnalazione delle reazioni avverse sospette</b> La segnalazione delle reazioni avverse sospette che si verificano dopo l&rsquo;autorizzazione del medicinale &egrave; importante, in quanto permette un monitoraggio continuo del rapporto beneficio/rischio del medicinale. Agli operatori sanitari &egrave; richiesto di segnalare qualsiasi reazione avversa sospetta tramite il sistema nazionale di segnalazione all&rsquo;indirizzo www.agenziafarmaco.gov.it/it/responsabili.</p>  <h3>Sovradosaggio</h3>  <p>La radice di valeriana ad una dose di circa 20 g causa sintomi lievi (affaticamento, crampi addominali, sensazione di leggera vertigine, oppressione toracica, tremori alle mani e midriasi) che scompaiono nelle 24 ore. Se i sintomi compaiono, si deve instaurare un adeguato trattamento.</p>  <h3>Conservazione</h3>  <p>Non conservare a temperatura superiore ai 30&deg; C.</p>",VALERIANA DISPERT 45 MG COMPRESSE RIVESTITE,1,1,4,11.88,,,,Taxable Goods,3,1,270,004853014,2759,valeriana-dispert-45-mg-compresse-rivestite-004853014
004853026,default,Default,simple,54,base,VALERIANA DISPERT 45 MG COMPRESSE RIVESTITE,"<h3>Denominazione</h3>  <p>VALERIANA DISPERT 45 MG COMPRESSE RIVESTITE</p>  <h3>Principi attivi</h3>  <p>Una compressa rivestita contiene: <u>Principio attivo</u>: estratto secco di radice di Valeriana mg 45 preparato con etanolo 70 % v/v (rapporto radice di Valeriana: estratto pari a 3&ndash;6: 1). Eccipienti con effetti noti: lattosio e saccarosio. Per l&rsquo;elenco completo degli eccipienti, vedere paragrafo 6.1.</p>  <h3>Eccipienti</h3>  <p>Destrina, cellulosa microcristallina, lattosio monoidrato, macrogol 4000, silice colloidale anidra, magnesio stearato, lacca, ipromellosa, talco, magnesio ossido leggero, gomma arabica, saccarosio, povidone K25, macrogol 6000, titanio diossido, carmellosa sodica, cera bianca, cera carnauba.</p>  <h3>Indicazioni terapeutiche</h3>  <p>Blando sedativo, anche per favorire il riposo notturno.</p>  <h3>Posologia</h3>  <p><u>Posologia</u> Bambini: 1&ndash;2 compresse rivestite due volte al d&igrave;, adulti: 1&ndash;3 compresse rivestite tre volte al d&igrave;. <u>Modo di somministrazione</u> Le compresse rivestite devono essere inghiottite senza masticare.</p>  <h3>Controindicazioni</h3>  <p>Ipersensibilit&agrave; al principio attivo o ad uno qualsiasi degli eccipienti elencati al paragrafo 6.1. Generalmente controindicato in gravidanza e durante l&rsquo;allattamento.</p>  <h3>Avvertenze e precauzioni</h3>  <p>Non superare le dosi consigliate. Consultare il medico se i sintomi persistono per pi&ugrave; di 2 settimane o se peggiorano durante il trattamento. <b>Valeriana DISPERT contiene lattosio</b>: I pazienti affetti da rari problemi ereditari di intolleranza al galattosio, da deficit di Lapp lattasi o da malassorbimento di glucosio&ndash;galattosio, non devono assumere questo medicinale. <b>Valeriana DISPERT contiene saccarosio</b>: I pazienti affetti da rari problemi ereditari di intolleranza al fruttosio, da malassorbimento di glucosio&ndash;galattosio, o da insufficienza di sucrasi isomaltasi, non devono assumere questo medicinale. <b>Tenere il medicinale fuori dalla portata dei bambini.</b></p>  <h3>Interazioni</h3>  <p>Non sono state segnalate interazioni. Il paziente &egrave; comunque invitato a chiedere consiglio al medico se sta assumendo altri farmaci.</p>  <h3>Gravidanza e allattamento</h3>  <p>Poich&eacute; non sono disponibili dati sull&rsquo;uso durante la gravidanza e l&rsquo;allattamento, in via precauzionale, ne &egrave; generalmente sconsigliato l&rsquo;uso. Non sono stati segnalati effetti avversi in seguito all&rsquo;uso comune di radice di valeriana come medicinale, ma al riguardo mancano adeguati dati sperimentali.</p>  <h3>Effetti sulla guida e sull'uso di macchinari</h3>  <p>&Egrave; sconsigliata l&rsquo;assunzione di preparazioni a base di valeriana immediatamente prima (fino a due ore) di mettersi alla guida o di usare macchinari. L&rsquo;effetto delle preparazioni di valeriana pu&ograve; essere aumentato dal consumo di alcool.</p>  <h3>Effetti indesiderati</h3>  <p>Non sono noti effetti indesiderati da attribuire all&rsquo;uso del medicinale alle condizioni raccomandate e per brevi periodi di tempo. <b>Segnalazione delle reazioni avverse sospette</b> La segnalazione delle reazioni avverse sospette che si verificano dopo l&rsquo;autorizzazione del medicinale &egrave; importante, in quanto permette un monitoraggio continuo del rapporto beneficio/rischio del medicinale. Agli operatori sanitari &egrave; richiesto di segnalare qualsiasi reazione avversa sospetta tramite il sistema nazionale di segnalazione all&rsquo;indirizzo www.agenziafarmaco.gov.it/it/responsabili.</p>  <h3>Sovradosaggio</h3>  <p>La radice di valeriana ad una dose di circa 20 g causa sintomi lievi (affaticamento, crampi addominali, sensazione di leggera vertigine, oppressione toracica, tremori alle mani e midriasi) che scompaiono nelle 24 ore. Se i sintomi compaiono, si deve instaurare un adeguato trattamento.</p>  <h3>Conservazione</h3>  <p>Non conservare a temperatura superiore ai 30&deg; C.</p>",VALERIANA DISPERT 45 MG COMPRESSE RIVESTITE,1,1,4,13.82,,,,Taxable Goods,4,1,270,004853026,2759,valeriana-dispert-45-mg-compresse-rivestite-004853026
004853040,default,Default,simple,54,base,Valeriana Dispert 20cpr 135mg,Valeriana Dispert*20cpr 135mg,Valeriana Dispert*20cpr 135mg,1,1,4,9.68,,,,Taxable Goods,0,0,252,004853040,2759,valeriana-dispert-20cpr-135mg-004853040
004853053,default,Default,simple,54,base,VALERIANA DISPERT 125 MG COMPRESSE RIVESTITE,"<h3>Denominazione</h3>  <p>VALERIANA DISPERT 125 MG COMPRESSE RIVESTITE</p>  <h3>Principi attivi</h3>  <p>Una compressa rivestita contiene: <u>Principio attivo</u>: estratto secco di radice di Valeriana mg 125 preparato con etanolo 70 % v/v (rapporto radice di valeriana: estratto pari a 3&ndash;6: 1). Eccipienti con effetti noti: lattosio e saccarosio. Per l&rsquo;elenco completo degli eccipienti, vedere paragrafo 6.1.</p>  <h3>Eccipienti</h3>  <p>Destrina, cellulosa microcristallina, lattosio monoidrato, macrogol 4000, silice colloidale anidra, magnesio stearato, lacca, ipromellosa, talco, magnesio ossido leggero, gomma arabica, saccarosio, povidone K25, macrogol 6000, titanio diossido, carmellosa sodica, cera bianca, cera carnauba.</p>  <h3>Indicazioni terapeutiche</h3>  <p>Medicinale a base di piante per il trattamento di stati di lieve e temporanea tensione nervosa e della temporanea difficolt&agrave; nel prendere sonno (vedi Sezione 4.4 Speciali avvertenze e precauzioni per l&rsquo;uso).</p>  <h3>Posologia</h3>  <p><u>Posologia</u> Adulti e bambini sopra i 12 anni Dose singola: 4 compresse rivestite. Per la tensione nervosa: fino a 3 volte al giorno. Come aiuto per prendere sonno, una dose singola da mezz&rsquo;ora a un&rsquo;ora prima di coricarsi e, se necessario una dose in precedenza durante la serata. Anziani: come per gli adulti. <u>Modo di somministrazione</u> Uso orale. Le compresse devono essere inghiottite senza masticare.</p>  <h3>Controindicazioni</h3>  <p>Ipersensibilit&agrave; al principio attivo o ad uno qualsiasi degli eccipienti elencati al paragrafo 6.1. L&rsquo;uso nei bambini al di sotto dei 12 anni &egrave; sconsigliato, poich&eacute; non sono disponibili dati sull&rsquo;efficacia e sicurezza del farmaco in pediatria. Generalmente controindicato in gravidanza e durante l&rsquo;allattamento.</p>  <h3>Avvertenze e precauzioni</h3>  <p>Consultare il medico se i sintomi persistono per pi&ugrave; di 2 settimane o se peggiorano durante il trattamento. <b>Valeriana DISPERT contiene lattosio</b>: I pazienti affetti da rari problemi ereditari di intolleranza al galattosio, da deficit di Lapp lattasi o da malassorbimento di glucosio&ndash;galattosio, non devono assumere questo medicinale. <b>Valeriana DISPERT contiene saccarosio</b>: I pazienti affetti da rari problemi ereditari di intolleranza al fruttosio, da malassorbimento di glucosio&ndash;galattosio, o da insufficienza di sucrasi isomaltasi, non devono assumere questo medicinale.</p>  <h3>Interazioni</h3>  <p>Non sono state segnalate interazioni. Il paziente &egrave; comunque invitato a chiedere consiglio al medico se sta assumendo altri farmaci.</p>  <h3>Gravidanza e allattamento</h3>  <p>Poich&eacute; non sono disponibili dati sull&rsquo;uso durante la gravidanza e l&rsquo;allattamento, in via precauzionale, ne &egrave; generalmente sconsigliato l&rsquo;uso. Non sono stati segnalati effetti avversi in seguito all&rsquo;uso comune di radice di valeriana come medicinale, ma al riguardo mancano adeguati dati sperimentali.</p>  <h3>Effetti sulla guida e sull'uso di macchinari</h3>  <p>&Egrave; sconsigliata l&rsquo;assunzione di preparazioni a base di valeriana immediatamente prima (fino a due ore) di mettersi alla guida o di usare macchinari. L&rsquo;effetto delle preparazioni di valeriana pu&ograve; essere aumentato dal consumo di alcool.</p>  <h3>Effetti indesiderati</h3>  <p>Non sono noti effetti indesiderati da attribuire all&rsquo;uso del medicinale alle condizioni raccomandate e per brevi periodi di tempo. <b>Segnalazione delle reazioni avverse sospette</b> La segnalazione delle reazioni avverse sospette che si verificano dopo l&rsquo;autorizzazione del medicinale &egrave; importante, in quanto permette un monitoraggio continuo del rapporto beneficio/rischio del medicinale. Agli operatori sanitari &egrave; richiesto di segnalare qualsiasi reazione avversa sospetta tramite il sistema nazionale di segnalazione all&rsquo;indirizzo www.agenziafarmaco.gov.it/it/responsabili.</p>  <h3>Sovradosaggio</h3>  <p>La radice di valeriana ad una dose di circa 20 g causa sintomi lievi (affaticamento, crampi addominali, sensazione di leggera vertigine, oppressione toracica, tremori alle mani e midriasi) che scompaiono nelle 24 ore. Se i sintomi compaiono, si deve instaurare un adeguato trattamento.</p>  <h3>Conservazione</h3>  <p>Non conservare a temperatura superiore ai 30&deg; C.</p>",VALERIANA DISPERT 125 MG COMPRESSE RIVESTITE,1,1,4,15.75,,,,Taxable Goods,7,1,270,004853053,2759,valeriana-dispert-125-mg-compresse-rivestite-004853053
004880023,default,Default,simple,54,base,"Arovit gtt 7,5ml 150000ui/ml","Arovit*gtt 7,5ml 150000ui/ml","Arovit*gtt 7,5ml 150000ui/ml",1,1,4,3.93,,,,Taxable Goods,0,0,221,004880023,2759,arovit-gtt-7-5ml-150000ui-ml-004880023
004894010,default,Default,simple,54,base,"ANTISETTICO ASTRINGENTE SEDATIVO COLLIRIO, SOLUZIONE","<h3>Denominazione</h3>  <p>ANTISETTICO ASTRINGENTE SEDATIVO COLLIRIO, SOLUZIONE</p>  <h3>Principi attivi</h3>  <p>100 ml contengono. Principi attivi: Zinco solfofenato g 0.500, sulfacetamide sodica g 3, nafazolina cloridrato g 0.005, lidocaina cloridrato g 0.750. <u>Eccipienti con effetti noti</u>: sodio mertiolato, esteri para-idrossi benzoici (metil-p-idrossibenzoato e propil-p-idrossibenzoato) Per l&rsquo;elenco completo degli eccipienti, vedere paragrafo 6.1.</p>  <h3>Eccipienti</h3>  <p>Ammonio cloruro, esteri p-ossibenzoici, sodio mertiolato, acqua depurata.</p>  <h3>Indicazioni terapeutiche</h3>  <p>Terapia delle congiuntiviti semplici.</p>  <h3>Posologia</h3>  <p>Istillare 1 goccia, due o pi&ugrave; volte al giorno, nel fornice congiuntivale inferiore. Dopo l&rsquo;istillazione mantenere l&rsquo;occhio chiuso per qualche istante. Attenersi scrupolosamente alle dosi consigliate. Un dosaggio superiore del prodotto anche se assunto per via topica e per breve periodo di tempo pu&ograve; dar luogo ad effetti sistemici gravi.</p>  <h3>Controindicazioni</h3>  <p>Ipersensibilit&agrave; ai principi attivi o a uno qualsiasi degli eccipienti elencati al paragrafo 6.1verso i componenti del prodotto. Antisettico Astringente Sedativo &egrave; controindicato nei bambini di et&agrave; inferiore ai 6 anni.</p>  <h3>Avvertenze e precauzioni</h3>  <p>Non superare le dosi indicate. Non somministrare per oltre sette giorni consecutivi senza consultare il medico. <u>Popolazione pediatrica</u> Non somministrare a bambini di et&agrave; inferiore a sei anni. Se compaiono fenomeni di sensibilizzazione interrompere il trattamento ed istituire una terapia idonea. Antisettico Astringente Sedativo contiene sodio mertiolato: pu&ograve; causare reazioni allergiche.. Antisettico Astringente Sedativo contiene esteri para idrossi benzoici (metil-p-idrossibenzoato e propil-p-idrossibenzoato) che possono causare reazioni allergiche (anche ritardate).</p>  <h3>Interazioni</h3>  <p>Non sono note.</p>  <h3>Gravidanza e allattamento</h3>  <p>gravidanza e allattamento . Nelle donne in gravidanza accertata o presunta e durante il periodo dell&rsquo;allattamento, il prodotto va somministrato in caso di effettiva necessit&agrave;, secondo il parere del medico.</p>  <h3>Effetti sulla guida e sull'uso di macchinari</h3>  <p>Il prodotto non interferisce con la capacit&agrave; di guidare o di usare macchine.</p>  <h3>Effetti indesiderati</h3>  <p>Non sono stati segnalati effetti indesiderati correlabili al farmaco. Segnalazione delle reazioni avverse sospette La segnalazione delle reazioni avverse sospette che si verificano dopo l&rsquo;autorizzazione del medicinale &egrave; importante, in quanto permette un monitoraggio continuo del rapporto beneficio/rischio del medicinale. Agli operatori sanitari &egrave; richiesto di segnalare qualsiasi reazione avversa sospetta tramite il sistema nazionale di segnalazione all&rsquo;indirizzo www.agenziafarmaco.gov.it/it/responsabili.</p>  <h3>Sovradosaggio</h3>  <p>Dato lo scarso assorbimento sistemico, gli effetti del sovradosaggio sono estremamente ra<u>r</u>i ad eccezione dei casi di ingestione accidentale. Se ci&ograve; accadesse praticare terapia sintomatica.</p>  <h3>Conservazione</h3>  <p>Conservare a temperatura non superiore a 30&deg;C. Il prodotto non deve essere utilizzato oltre i 30 giorni dopo la prima apertura del contenitore.</p>","ANTISETTICO ASTRINGENTE SEDATIVO COLLIRIO, SOLUZIONE",1,1,4,11.25,,,,Taxable Goods,3,1,5277,004894010,2759,antisettico-astringente-sedativo-collirio-soluzione-004894010
004897017,default,Default,simple,54,base,Dropilton 2% coll Fl 10ml,Dropilton 2%*coll Fl 10ml,Dropilton 2%*coll Fl 10ml,1,1,4,3.36,,,,Taxable Goods,1,1,5277,004897017,2759,dropilton-2-coll-fl-10ml-004897017
004901043,default,Default,simple,54,base,Neoborocillina Ant Or 20pas Me,Neoborocillina Ant Or*20pas Me,Neoborocillina Ant Or*20pas Me,1,1,4,5.76,,,,Taxable Goods,0,0,229,004901043,2759,neoborocillina-ant-or-20pas-me-004901043
004901068,default,Default,simple,54,base,Neoborocillina Ant Or 20pas Mi,Neoborocillina Ant Or*20pas Mi,Neoborocillina Ant Or*20pas Mi,1,1,4,5.76,,,,Taxable Goods,0,0,229,004901068,2759,neoborocillina-ant-or-20pas-mi-004901068
004901195,default,Default,simple,54,base,"NEO BOROCILLINA ANTISETTICO OROFARINGEO 6,4 MG + 52 MG","<h3>Denominazione</h3>  <p>NEO BOROCILLINA ANTISETTICO OROFARINGEO 6,4 MG + 52 MG</p>  <h3>Principi attivi</h3>  <p>Una <i>pastiglia</i> contiene: - Alcool benzilico 6,4 mg; - Sodio benzoato 52 mg (equivalente a mg 44,1 di Acido benzoico). Eccipiente con effetti noti: <i>pastiglie gusto mentolo-eucaliptolo </i> Saccarosio 1494,02 mg, Glucosio 1224 mg. <i>pastiglie gusto miele limone</i> Saccarosio 1475,88 mg; Glucosio 1208,35 mg . <i>pastiglie gusto arancia</i> Saccarosio 1471,91 mg; Glucosio 1205,11 mg. Per l&rsquo;elenco completo degli eccipienti, vedere 6.1.</p>  <h3>Eccipienti</h3>  <p><u>Pastiglie gusto mentolo eucaliptolo</u>: <b>saccarosio</b>, <b>glucosio</b>, essenza menta, Levomentolo, Cineolo, Indigotina (E 132), Estratto di curcumina (E 100). <u>Pastiglie gusto miele limone</u>: <b>saccarosio, glucosio</b>, Aroma limone, Aroma agrumix, Aroma miele, Levomentolo. <u>Pastiglie gusto arancia</u>: <b>saccarosio, glucosio</b>, Aroma arancio, Aroma agrumix, Levomentolo.</p>  <h3>Indicazioni terapeutiche</h3>  <p>Antisettico del cavo orofaringeo (gola, bocca e gengive).</p>  <h3>Posologia</h3>  <p>Negli adulti: sciogliere lentamente in bocca una pastiglia ogni 2/3 ore fino ad un massimo di 8 pastiglie al giorno. Nei bambini dai 6 ai 10 anni: sciogliere lentamente in bocca una pastiglia ogni 5/6 ore fino ad un massimo di 4 pastiglie al giorno. Per mantenere il pi&ugrave; a lungo possibile la mucosa sotto l&rsquo;azione del medicamento, le pastiglie devono essere lasciate sciogliere lentamente in bocca. Non superare le dosi consigliate.</p>  <h3>Controindicazioni</h3>  <p>Ipersensibilit&agrave; individuale accertata verso i componenti o sostanze strettamente correlate dal punto di vista chimico.</p>  <h3>Avvertenze e precauzioni</h3>  <p>L'impiego, specie se prolungato, dei prodotti per uso topico pu&ograve; dare origine a fenomeni di sensibilizzazione. In tal caso &egrave; necessario interrompere il trattamento e consultare il medico ai fini della istituzione di eventuale idonea terapia. Questo medicinale contiene 6,4 mg di alcol benzilico per pastiglia come principio attivo. Alcol benzilico pu&ograve; causare reazioni allergiche. Grandi volumi devono essere usati con cautela e solo se necessario, specialmente in pazienti con insufficienza epatica o renale e in donne in gravidanza o in allattamento a causa del rischio di accumulo e tossicit&agrave; (acidosi metabolica). Questo medicinale contiene 52 mg di sodio benzoato per pastiglia come principio attivo corrispondente a 8,3 mg di sodio (componente principale del sale da cucina) per pastiglia e 66,4 mg di sodio per dose giornaliera equivalente a 3,3% dell'assunzione massima giornaliera raccomandata dall'OMS che corrisponde a 2 g di sodio per un adulto. Neo Borocillina Antisettico Orofaringeo 6,4 mg + 52 mg pastiglie gusto mentolo eucaliptolo contiene 1224 mg di glucosio e 1494,02 di saccarosio per pastiglia. Neo Borocillina Antisettico Orofaringeo 6,4 mg + 52 mg <i>pastiglie gusto miele limone contiene 1208,35 mg di glucosio e 1475,88 di saccarosio per pastiglia.</i> Neo Borocillina Antisettico Orofaringeo 6,4 mg + 52 mg <i>pastiglie gusto arancia contiene 1205,11 mg di glucosio e 1471,91 di saccarosio per pastiglia</i>. I pazienti affetti da rari problemi ereditari di intolleranza al fruttosio, da malassorbimento di glucosio-galattosio, o da insufficienza di sucrasi isomaltasi, non devono assumere questo medicinale. Da tenere in considerazione in persone affette da diabete mellito. Dopo breve periodo di trattamento non superiore a 10 giorni, senza risultati apprezzabili, consultare il medico. TENERE IL MEDICINALE FUORI DALLA PORTATA E DALLA VISTA DEI BAMBINI.</p>  <h3>Interazioni</h3>  <p>Nessuna nota.</p>  <h3>Gravidanza e allattamento</h3>  <p>Nelle donne in stato di gravidanza il prodotto va somministrato in caso di effettiva necessit&agrave; e sotto il diretto controllo del medico.</p>  <h3>Effetti sulla guida e sull'uso di macchinari</h3>  <p>Nessuno.</p>  <h3>Effetti indesiderati</h3>  <p>I componenti sono sostanze ben tollerate e pertanto la somministrazione di <i>Neo Borocillina Antisettico Orofaringeo </i>non presenta di norma effetti collaterali. <b>Segnalazione delle reazioni avverse sospette. </b> La segnalazione delle reazioni avverse sospette che si verificano dopo l&rsquo;autorizzazione del medicinale &egrave; importante, in quanto permette un monitoraggio continuo del rapporto beneficio/rischio del medicinale. Agli operatori sanitari &egrave; richiesto di segnalare qualsiasi reazione avversa sospetta tramite il sistema nazionale di segnalazione all&rsquo;indirizzo https://www.aifa.gov.it/content/segnalazioni-reazioni-avverse</p>  <h3>Sovradosaggio</h3>  <p>Non sono noti sintomi da sovradosaggio.</p>  <h3>Conservazione</h3>  <p>Conservare a temperatura non superiore a 30&deg; C.</p>","NEO BOROCILLINA ANTISETTICO OROFARINGEO 6,4 MG + 52 MG",1,1,4,8.73,,,,Taxable Goods,0,0,229,004901195,2759,neo-borocillina-antisettico-orofaringeo-6-4-mg--52-mg-004901195
004901219,default,Default,simple,54,base,"NEO BOROCILLINA ANTISETTICO OROFARINGEO 6,4 MG + 52 MG","<h3>Denominazione</h3>  <p>NEO BOROCILLINA ANTISETTICO OROFARINGEO 6,4 MG + 52 MG</p>  <h3>Principi attivi</h3>  <p>Una <i>pastiglia</i> contiene: - Alcool benzilico 6,4 mg; - Sodio benzoato 52 mg (equivalente a mg 44,1 di Acido benzoico). Eccipiente con effetti noti: <i>pastiglie gusto mentolo-eucaliptolo </i> Saccarosio 1494,02 mg, Glucosio 1224 mg. <i>pastiglie gusto miele limone</i> Saccarosio 1475,88 mg; Glucosio 1208,35 mg . <i>pastiglie gusto arancia</i> Saccarosio 1471,91 mg; Glucosio 1205,11 mg. Per l&rsquo;elenco completo degli eccipienti, vedere 6.1.</p>  <h3>Eccipienti</h3>  <p><u>Pastiglie gusto mentolo eucaliptolo</u>: <b>saccarosio</b>, <b>glucosio</b>, essenza menta, Levomentolo, Cineolo, Indigotina (E 132), Estratto di curcumina (E 100). <u>Pastiglie gusto miele limone</u>: <b>saccarosio, glucosio</b>, Aroma limone, Aroma agrumix, Aroma miele, Levomentolo. <u>Pastiglie gusto arancia</u>: <b>saccarosio, glucosio</b>, Aroma arancio, Aroma agrumix, Levomentolo.</p>  <h3>Indicazioni terapeutiche</h3>  <p>Antisettico del cavo orofaringeo (gola, bocca e gengive).</p>  <h3>Posologia</h3>  <p>Negli adulti: sciogliere lentamente in bocca una pastiglia ogni 2/3 ore fino ad un massimo di 8 pastiglie al giorno. Nei bambini dai 6 ai 10 anni: sciogliere lentamente in bocca una pastiglia ogni 5/6 ore fino ad un massimo di 4 pastiglie al giorno. Per mantenere il pi&ugrave; a lungo possibile la mucosa sotto l&rsquo;azione del medicamento, le pastiglie devono essere lasciate sciogliere lentamente in bocca. Non superare le dosi consigliate.</p>  <h3>Controindicazioni</h3>  <p>Ipersensibilit&agrave; individuale accertata verso i componenti o sostanze strettamente correlate dal punto di vista chimico.</p>  <h3>Avvertenze e precauzioni</h3>  <p>L'impiego, specie se prolungato, dei prodotti per uso topico pu&ograve; dare origine a fenomeni di sensibilizzazione. In tal caso &egrave; necessario interrompere il trattamento e consultare il medico ai fini della istituzione di eventuale idonea terapia. Questo medicinale contiene 6,4 mg di alcol benzilico per pastiglia come principio attivo. Alcol benzilico pu&ograve; causare reazioni allergiche. Grandi volumi devono essere usati con cautela e solo se necessario, specialmente in pazienti con insufficienza epatica o renale e in donne in gravidanza o in allattamento a causa del rischio di accumulo e tossicit&agrave; (acidosi metabolica). Questo medicinale contiene 52 mg di sodio benzoato per pastiglia come principio attivo corrispondente a 8,3 mg di sodio (componente principale del sale da cucina) per pastiglia e 66,4 mg di sodio per dose giornaliera equivalente a 3,3% dell'assunzione massima giornaliera raccomandata dall'OMS che corrisponde a 2 g di sodio per un adulto. Neo Borocillina Antisettico Orofaringeo 6,4 mg + 52 mg pastiglie gusto mentolo eucaliptolo contiene 1224 mg di glucosio e 1494,02 di saccarosio per pastiglia. Neo Borocillina Antisettico Orofaringeo 6,4 mg + 52 mg <i>pastiglie gusto miele limone contiene 1208,35 mg di glucosio e 1475,88 di saccarosio per pastiglia.</i> Neo Borocillina Antisettico Orofaringeo 6,4 mg + 52 mg <i>pastiglie gusto arancia contiene 1205,11 mg di glucosio e 1471,91 di saccarosio per pastiglia</i>. I pazienti affetti da rari problemi ereditari di intolleranza al fruttosio, da malassorbimento di glucosio-galattosio, o da insufficienza di sucrasi isomaltasi, non devono assumere questo medicinale. Da tenere in considerazione in persone affette da diabete mellito. Dopo breve periodo di trattamento non superiore a 10 giorni, senza risultati apprezzabili, consultare il medico. TENERE IL MEDICINALE FUORI DALLA PORTATA E DALLA VISTA DEI BAMBINI.</p>  <h3>Interazioni</h3>  <p>Nessuna nota.</p>  <h3>Gravidanza e allattamento</h3>  <p>Nelle donne in stato di gravidanza il prodotto va somministrato in caso di effettiva necessit&agrave; e sotto il diretto controllo del medico.</p>  <h3>Effetti sulla guida e sull'uso di macchinari</h3>  <p>Nessuno.</p>  <h3>Effetti indesiderati</h3>  <p>I componenti sono sostanze ben tollerate e pertanto la somministrazione di <i>Neo Borocillina Antisettico Orofaringeo </i>non presenta di norma effetti collaterali. <b>Segnalazione delle reazioni avverse sospette. </b> La segnalazione delle reazioni avverse sospette che si verificano dopo l&rsquo;autorizzazione del medicinale &egrave; importante, in quanto permette un monitoraggio continuo del rapporto beneficio/rischio del medicinale. Agli operatori sanitari &egrave; richiesto di segnalare qualsiasi reazione avversa sospetta tramite il sistema nazionale di segnalazione all&rsquo;indirizzo https://www.aifa.gov.it/content/segnalazioni-reazioni-avverse</p>  <h3>Sovradosaggio</h3>  <p>Non sono noti sintomi da sovradosaggio.</p>  <h3>Conservazione</h3>  <p>Conservare a temperatura non superiore a 30&deg; C.</p>","NEO BOROCILLINA ANTISETTICO OROFARINGEO 6,4 MG + 52 MG",1,1,4,10,,,,Taxable Goods,100,1,229,004901219,4473,neo-borocillina-antisettico-orofaringeo-6-4-mg--52-mg-004901219
004901233,default,Default,simple,54,base,"NEO BOROCILLINA ANTISETTICO OROFARINGEO 6,4 MG + 52 MG","<h3>Denominazione</h3>  <p>NEO BOROCILLINA ANTISETTICO OROFARINGEO 6,4 MG + 52 MG</p>  <h3>Principi attivi</h3>  <p>Una <i>pastiglia</i> contiene: - Alcool benzilico 6,4 mg; - Sodio benzoato 52 mg (equivalente a mg 44,1 di Acido benzoico). Eccipiente con effetti noti: <i>pastiglie gusto mentolo-eucaliptolo </i> Saccarosio 1494,02 mg, Glucosio 1224 mg. <i>pastiglie gusto miele limone</i> Saccarosio 1475,88 mg; Glucosio 1208,35 mg . <i>pastiglie gusto arancia</i> Saccarosio 1471,91 mg; Glucosio 1205,11 mg. Per l&rsquo;elenco completo degli eccipienti, vedere 6.1.</p>  <h3>Eccipienti</h3>  <p><u>Pastiglie gusto mentolo eucaliptolo</u>: <b>saccarosio</b>, <b>glucosio</b>, essenza menta, Levomentolo, Cineolo, Indigotina (E 132), Estratto di curcumina (E 100). <u>Pastiglie gusto miele limone</u>: <b>saccarosio, glucosio</b>, Aroma limone, Aroma agrumix, Aroma miele, Levomentolo. <u>Pastiglie gusto arancia</u>: <b>saccarosio, glucosio</b>, Aroma arancio, Aroma agrumix, Levomentolo.</p>  <h3>Indicazioni terapeutiche</h3>  <p>Antisettico del cavo orofaringeo (gola, bocca e gengive).</p>  <h3>Posologia</h3>  <p>Negli adulti: sciogliere lentamente in bocca una pastiglia ogni 2/3 ore fino ad un massimo di 8 pastiglie al giorno. Nei bambini dai 6 ai 10 anni: sciogliere lentamente in bocca una pastiglia ogni 5/6 ore fino ad un massimo di 4 pastiglie al giorno. Per mantenere il pi&ugrave; a lungo possibile la mucosa sotto l&rsquo;azione del medicamento, le pastiglie devono essere lasciate sciogliere lentamente in bocca. Non superare le dosi consigliate.</p>  <h3>Controindicazioni</h3>  <p>Ipersensibilit&agrave; individuale accertata verso i componenti o sostanze strettamente correlate dal punto di vista chimico.</p>  <h3>Avvertenze e precauzioni</h3>  <p>L'impiego, specie se prolungato, dei prodotti per uso topico pu&ograve; dare origine a fenomeni di sensibilizzazione. In tal caso &egrave; necessario interrompere il trattamento e consultare il medico ai fini della istituzione di eventuale idonea terapia. Questo medicinale contiene 6,4 mg di alcol benzilico per pastiglia come principio attivo. Alcol benzilico pu&ograve; causare reazioni allergiche. Grandi volumi devono essere usati con cautela e solo se necessario, specialmente in pazienti con insufficienza epatica o renale e in donne in gravidanza o in allattamento a causa del rischio di accumulo e tossicit&agrave; (acidosi metabolica). Questo medicinale contiene 52 mg di sodio benzoato per pastiglia come principio attivo corrispondente a 8,3 mg di sodio (componente principale del sale da cucina) per pastiglia e 66,4 mg di sodio per dose giornaliera equivalente a 3,3% dell'assunzione massima giornaliera raccomandata dall'OMS che corrisponde a 2 g di sodio per un adulto. Neo Borocillina Antisettico Orofaringeo 6,4 mg + 52 mg pastiglie gusto mentolo eucaliptolo contiene 1224 mg di glucosio e 1494,02 di saccarosio per pastiglia. Neo Borocillina Antisettico Orofaringeo 6,4 mg + 52 mg <i>pastiglie gusto miele limone contiene 1208,35 mg di glucosio e 1475,88 di saccarosio per pastiglia.</i> Neo Borocillina Antisettico Orofaringeo 6,4 mg + 52 mg <i>pastiglie gusto arancia contiene 1205,11 mg di glucosio e 1471,91 di saccarosio per pastiglia</i>. I pazienti affetti da rari problemi ereditari di intolleranza al fruttosio, da malassorbimento di glucosio-galattosio, o da insufficienza di sucrasi isomaltasi, non devono assumere questo medicinale. Da tenere in considerazione in persone affette da diabete mellito. Dopo breve periodo di trattamento non superiore a 10 giorni, senza risultati apprezzabili, consultare il medico. TENERE IL MEDICINALE FUORI DALLA PORTATA E DALLA VISTA DEI BAMBINI.</p>  <h3>Interazioni</h3>  <p>Nessuna nota.</p>  <h3>Gravidanza e allattamento</h3>  <p>Nelle donne in stato di gravidanza il prodotto va somministrato in caso di effettiva necessit&agrave; e sotto il diretto controllo del medico.</p>  <h3>Effetti sulla guida e sull'uso di macchinari</h3>  <p>Nessuno.</p>  <h3>Effetti indesiderati</h3>  <p>I componenti sono sostanze ben tollerate e pertanto la somministrazione di <i>Neo Borocillina Antisettico Orofaringeo </i>non presenta di norma effetti collaterali. <b>Segnalazione delle reazioni avverse sospette. </b> La segnalazione delle reazioni avverse sospette che si verificano dopo l&rsquo;autorizzazione del medicinale &egrave; importante, in quanto permette un monitoraggio continuo del rapporto beneficio/rischio del medicinale. Agli operatori sanitari &egrave; richiesto di segnalare qualsiasi reazione avversa sospetta tramite il sistema nazionale di segnalazione all&rsquo;indirizzo https://www.aifa.gov.it/content/segnalazioni-reazioni-avverse</p>  <h3>Sovradosaggio</h3>  <p>Non sono noti sintomi da sovradosaggio.</p>  <h3>Conservazione</h3>  <p>Conservare a temperatura non superiore a 30&deg; C.</p>","NEO BOROCILLINA ANTISETTICO OROFARINGEO 6,4 MG + 52 MG",1,1,4,8.73,,,,Taxable Goods,0,0,229,004901233,2759,neo-borocillina-antisettico-orofaringeo-6-4-mg--52-mg-004901233
004905129,default,Default,simple,54,base,"Placentex im Sc 5f 5,625mg 3ml","Placentex*im Sc 5f 5,625mg 3ml","Placentex*im Sc 5f 5,625mg 3ml",1,1,4,17.39,,,,Taxable Goods,0,0,254,004905129,2759,placentex-im-sc-5f-5-625mg-3ml-004905129
004905131,default,Default,simple,54,base,"PLACENTEX 0,08% CREMA","<h3>Denominazione</h3>  <p>PLACENTEX 0,08% CREMA</p>  <h3>Principi attivi</h3>  <p>Un tubo da 25 g contiene: Principio Attivo: Polidesossiribonucleotide 80 mg Eccipienti con effetto noto: lanolina, alcol cetilstearilico, alchil para-idrossibenzoati, base aromatica Per l&rsquo;elenco completo degli eccipienti, vedere paragrafo 6.1</p>  <h3>Eccipienti</h3>  <p>Esteri di acido oleico dell&rsquo;alcool decilico, alcool cetilstearilico, lanolina anidra, alchil paraidrossibenzoati, imidazolidinilurea, base aromatica (contiene citrale, eugenolo, geraniolo, limonene, linalolo, citronellolo), acqua depurata.</p>  <h3>Indicazioni terapeutiche</h3>  <p>Trattamento ad azione cicatrizzante e antidistrofica di ferite superficiali di piccole dimensioni e di ulcerazioni con interessamento limitato all&rsquo;epidermide.</p>  <h3>Posologia</h3>  <p>Applicazioni locali 1 o 2 volte al d&igrave; o secondo valutazione medica.</p>  <h3>Controindicazioni</h3>  <p>Ipersensibilit&agrave; al principio attivo o ad uno qualsiasi degli eccipienti elencati al paragrafo 6.1.</p>  <h3>Avvertenze e precauzioni</h3>  <p>&Egrave; possibile l&rsquo;insorgenza di fenomeni di ipersensibilit&agrave; ai componenti, che richiedono la sospensione della somministrazione. Pu&ograve; essere necessaria una terapia medica desensibilizzante. <b>Informazioni importanti su alcuni eccipienti</b> PLACENTEX 0,08% crema contiene lanolina e alcol cetilstearilico. Possono causare reazioni cutanee locali (ad es. dermatite da contatto). PLACENTEX 0,08% crema contiene alchil para-idrossibenzoati. Possono causare reazioni allergiche (anche ritardate). PLACENTEX 0,08% crema contiene una base aromatica, a sua volta contenente citrale, eugenolo, geraniolo, limonene, linalolo, citronellolo. Citrale, eugenolo, geraniolo, limonene, linalolo, citronellolo possono causare reazioni allergiche.</p>  <h3>Interazioni</h3>  <p>Non sono stati effettuati studi d&rsquo;interazione.</p>  <h3>Gravidanza e allattamento</h3>  <p>Dati relativi all&rsquo;uso di Placentex in donne in gravidanza non esistono o sono in numero limitato.</p>  <h3>Effetti sulla guida e sull'uso di macchinari</h3>  <p>Placentex non altera la capacit&agrave; di guidare veicoli e di usare macchinari.</p>  <h3>Effetti indesiderati</h3>  <p>Sono state segnalate reazioni di ipersensibilit&agrave; (vedere paragrafo 4.4). Segnalazione delle reazioni avverse sospette. La segnalazione delle reazioni avverse sospette che si verificano dopo l&rsquo;autorizzazione del medicinale &egrave; importante, in quanto permette un monitoraggio continuo del rapporto beneficio/rischio del medicinale. Agli operatori sanitari &egrave; richiesto di segnalare qualsiasi reazione avversa sospetta tramite il sistema nazionale di segnalazione all&rsquo;indirizzo https://www.aifa.gov.it/content/segnalazionireazioni-avverse.</p>  <h3>Sovradosaggio</h3>  <p>Non sono stati riportati casi di sovradosaggio.</p>  <h3>Conservazione</h3>  <p>Questo medicinale non richiede alcuna particolare precauzione per la conservazione. Conservare Placentex lontano da fonti di calore e protetto dalla luce.</p>","PLACENTEX 0,08% CREMA",1,1,4,16.11,,,,Taxable Goods,1,1,254,004905131,2759,placentex-0-08-crema-004905131
004905143,default,Default,simple,54,base,"PLACENTEX 0,75 MG/3 ML SOLUZIONE CUTANEA","<h3>Denominazione</h3>  <p>PLACENTEX 0,75 MG/3 ML SOLUZIONE CUTANEA</p>  <h3>Principi attivi</h3>  <p>1 fiala da 3 ml contiene: Principio Attivo: Polidesossiribonucleotide 0,75 mg Per l&rsquo;elenco completo degli eccipienti, vedere paragrafo 6.1</p>  <h3>Eccipienti</h3>  <p>PLACENTEX 0,75 mg/3 ml soluzione cutanea: sodio cloruro; acqua per preparazioni iniettabili.</p>  <h3>Indicazioni terapeutiche</h3>  <p>Patologie del connettivo su base distrofica o distrofico-ulcerativa: cicatrizzante, antidistrofico.</p>  <h3>Posologia</h3>  <p>Applicazioni locali 1 o 2 volte al d&igrave;, imbibendo garze sterili o secondo valutazione medica.</p>  <h3>Controindicazioni</h3>  <p>Ipersensibilit&agrave; al principio attivo o ad uno qualsiasi degli eccipienti elencati al paragrafo 6.1.</p>  <h3>Avvertenze e precauzioni</h3>  <p>&Egrave; possibile l&rsquo;insorgenza di fenomeni di ipersensibilit&agrave; ai componenti, che richiedono la sospensione della somministrazione. Pu&ograve; essere necessaria una terapia medica desensibilizzante.</p>  <h3>Interazioni</h3>  <p>Non sono stati effettuati studi d&rsquo;interazione.</p>  <h3>Gravidanza e allattamento</h3>  <p>Dati relativi all&rsquo;uso di Placentex in donne in gravidanza non esistono o sono in numero limitato.</p>  <h3>Effetti sulla guida e sull'uso di macchinari</h3>  <p>Placentex non altera la capacit&agrave; di guidare veicoli e di usare macchinari.</p>  <h3>Effetti indesiderati</h3>  <p>Sono state segnalate reazioni di ipersensibilit&agrave; (vedere paragrafo 4.4). Segnalazione delle reazioni avverse sospette La segnalazione delle reazioni avverse sospette che si verificano dopo l&rsquo;autorizzazione del medicinale &egrave; importante, in quanto permette un monitoraggio continuo del rapporto beneficio/rischio del medicinale. Agli operatori sanitari &egrave; richiesto di segnalare qualsiasi reazione avversa sospetta tramite il sistema nazionale di segnalazione all&rsquo;indirizzo https://www.aifa.gov.it/content/segnalazionireazioni-avverse.</p>  <h3>Sovradosaggio</h3>  <p>Non sono stati riportati casi di sovradosaggio.</p>  <h3>Conservazione</h3>  <p>Questo medicinale non richiede alcuna particolare precauzione per la conservazione. Conservare Placentex lontano da fonti di calore e protetto dalla luce.</p>","PLACENTEX 0,75 MG/3 ML SOLUZIONE CUTANEA",1,1,4,10,,,,Taxable Goods,22,1,254,004905143,4473,placentex-0-75-mg-3-ml-soluzione-cutanea-004905143
004905156,default,Default,simple,54,base,"Placentex 5f 2,25mg 3ml","Placentex*5f 2,25mg 3ml","Placentex*5f 2,25mg 3ml",1,1,4,11.41,,,,Taxable Goods,0,0,254,004905156,2759,placentex-5f-2-25mg-3ml-004905156
004930020,default,Default,simple,54,base,Atropina Farmigea 1% 5fl Coll,Atropina Farmigea*1% 5fl Coll,Atropina Farmigea*1% 5fl Coll,1,1,4,7.02,,,,Taxable Goods,2,1,269,004930020,2759,atropina-farmigea-1-5fl-coll-004930020
005064151,default,Default,simple,54,base,"Redoxon S/z 20cpr Mast 0,5g Ar","Redoxon S/z*20cpr Mast 0,5g Ar","Redoxon S/z*20cpr Mast 0,5g Ar",1,1,4,4.05,,,,Taxable Goods,1,1,256,005064151,2759,redoxon-s-z-20cpr-mast-0-5g-ar-005064151
005064201,default,Default,simple,54,base,Redoxon 15cpr Eff 1g S/z Aranc,Redoxon*15cpr Eff 1g S/z Aranc,Redoxon*15cpr Eff 1g S/z Aranc,1,1,4,5.85,,,,Taxable Goods,0,0,221,005064201,2759,redoxon-15cpr-eff-1g-s-z-aranc-005064201
005101023,default,Default,simple,54,base,Bromotiren 30cpr 300mg,Bromotiren*30cpr 300mg,Bromotiren*30cpr 300mg,1,1,4,4.16,,,,Taxable Goods,0,0,281,005101023,2759,bromotiren-30cpr-300mg-005101023
005104029,default,Default,simple,54,base,"Neuramide im 3f 1,3ml 13,9mg","Neuramide*im 3f 1,3ml 13,9mg","Neuramide*im 3f 1,3ml 13,9mg",1,1,4,5.41,,,,Taxable Goods,0,0,5297,005104029,2759,neuramide-im-3f-1-3ml-13-9mg-005104029
005125012,default,Default,simple,54,base,Optalidon 25cpr Riv,Optalidon*25cpr Riv,Optalidon*25cpr Riv,1,1,4,7.01,,,,Taxable Goods,2,1,5269,005125012,2759,optalidon-25cpr-riv-005125012
005125024,default,Default,simple,54,base,Optalidon ad 6supp,Optalidon*ad 6supp,Optalidon*ad 6supp,1,1,4,6.49,,,,Taxable Goods,5,1,5269,005125024,2759,optalidon-ad-6supp-005125024
005137017,default,Default,simple,54,base,Vitef crema Derm 50g 2%,Vitef*crema Derm 50g 2%,Vitef*crema Derm 50g 2%,1,1,4,8.06,,,,Taxable Goods,0,0,5281,005137017,2759,vitef-crema-derm-50g-2-005137017
005175017,default,Default,simple,54,base,Monotrean 30conf,Monotrean*30conf,Monotrean*30conf,1,1,4,4.03,,,,Taxable Goods,0,0,275,005175017,2759,monotrean-30conf-005175017
005181019,default,Default,simple,54,base,Aureomix coll 6ml 30mg+250mg,Aureomix*coll 6ml 30mg+250mg,Aureomix*coll 6ml 30mg+250mg,1,1,4,2.95,,,,Taxable Goods,0,0,222,005181019,2759,aureomix-coll-6ml-30mg-250mg-005181019
005181045,default,Default,simple,54,base,Aureomix coll Fl 6ml+fl 8ml+c,Aureomix*coll Fl 6ml+fl 8ml+c,Aureomix*coll Fl 6ml+fl 8ml+c,1,1,4,4.99,,,,Taxable Goods,0,0,222,005181045,2759,aureomix-coll-fl-6ml-fl-8ml-c-005181045
005238062,default,Default,simple,54,base,Adpabyrn os Gtt 30ml 28g,Adpabyrn*os Gtt 30ml 28g,Adpabyrn*os Gtt 30ml 28g,1,1,4,8.82,,,,Taxable Goods,0,0,258,005238062,2759,adpabyrn-os-gtt-30ml-28g-005238062
005239052,default,Default,simple,54,base,Prontogest iniet 3f 1ml100mg/m,Prontogest*iniet 3f 1ml100mg/m,Prontogest*iniet 3f 1ml100mg/m,1,1,4,2.59,,,,Taxable Goods,6,1,232,005239052,2759,prontogest-iniet-3f-1ml100mg-m-005239052
005239076,default,Default,simple,54,base,Prontogest iniet 7f 1ml100mg/m,Prontogest*iniet 7f 1ml100mg/m,Prontogest*iniet 7f 1ml100mg/m,1,1,4,4.15,,,,Taxable Goods,0,0,232,005239076,2759,prontogest-iniet-7f-1ml100mg-m-005239076
005259015,default,Default,simple,54,base,CALCIUM SANDOZ COMPRESSE EFFERVESCENTI,"<h3>Denominazione</h3>  <p>CALCIUM SANDOZ COMPRESSE EFFERVESCENTI</p>  <h3>Principi attivi</h3>  <p><u>Ogni compressa effervescente da 500 mg contiene</u>: 1.132 mg di calcio lattato gluconato e 875 mg di calcio carbonato (equivalenti a 500 mg o 12,5 mmol di calcio). Eccipienti con effetti noti: Ogni compressa effervescente di 500 mg contiene, 30 mg of aspartame (E 951), 68.45 mg di sodio (2.98 mmol), 30 mg di aroma di arancia in polvere (contenente 630 microgrammi di sorbitolo (E 420), 180 nanogrammi di alcol benzilico, 210 nanogrammi di diossido di zolfo (E 220) e 13,08 mg di glucosio). <u>Ogni compressa effervescente da 1.000 mg contiene</u>: 2.263 mg di calcio lattato gluconato e 1.750 mg di calcio carbonato (equivalenti a 1.000 mg o 25 mmol di calcio). Eccipienti con effetti noti: Ogni compressa effervescente di 1000 mg contiene) 30 mg di aspartame (E 951), 136,90 mg di sodio (5.95 nmol), 30 mg di aroma arancia in polvere (contenente 630 microgrammi di sorbitolo (E 420), 180 nanogrammi di alcol benzilico, 210 nanogrammi di diossido di zolfo (E220) e 13,08 mg di glucosio). Per l&rsquo;elenco completo degli eccipienti, vedere paragrafo 6.1.</p>  <h3>Eccipienti</h3>  <p>Acido citrico anidro (granulato fine); Aroma arancia in polvere (contiene: alcol benzilico, sorbitolo (E 420), glucosio e diossido di zolfo (E 220)); Aspartame (E951); Macrogol 6000; Sodio bicarbonato.</p>  <h3>Indicazioni terapeutiche</h3>  <p>- Prevenzione e trattamento della carenza di calcio. - Integrazione di calcio come supplemento alla terapia specifica nella prevenzione e nel trattamento dell&rsquo;osteoporosi. - Rachitismo e osteomalacia, in aggiunta a terapia con vitamina D3.</p>  <h3>Posologia</h3>  <p>Adulti: 500 - 1.500 mg al giorno. Bambini: 500 - 1.000 mg al giorno. Le compresse effervescenti devono essere sciolte in un bicchiere d&rsquo;acqua (circa 200 ml) e la soluzione ottenuta bevuta immediatamente. La compressa effervescente di Calcium Sandoz pu&ograve; essere assunta con o senza cibo.</p>  <h3>Controindicazioni</h3>  <p>- Ipersensibilit&agrave; ai principi attivi o ad uno qualsiasi degli eccipienti elencati al paragrafo 6.1 della compressa effervescente. - Patologie e/o condizioni che comportano ipercalcemia e/o ipercalciuria. - Nefrocalcinosi, nefrolitiasi.</p>  <h3>Avvertenze e precauzioni</h3>  <p>Nei pazienti con ipercalciuria lieve (oltre 300 mg/24 ore o 7,5 mmol/24 ore), o con una storia di calcoli urinari, &egrave; richiesto il monitoraggio dell&rsquo;escrezione di calcio nelle urine. Se necessario, la dose di calcio deve essere ridotta o si deve interrompere la terapia. Si raccomanda un aumento dell&rsquo;assunzione di liquidi nei pazienti predisposti alla formazione di calcoli nel tratto urinario. Nei pazienti con compromissione della funzionalit&agrave; renale, i sali di calcio devono essere assunti sotto controllo medico con monitoraggio dei livelli sierici di calcio e fosfato. In corso di terapia ad alto dosaggio e specialmente in caso di trattamento concomitante con vitamina D, esiste un rischio di ipercalcemia con conseguente compromissione della funzionalit&agrave; renale. In questi pazienti i livelli sierici di calcio devono essere tenuti sotto controllo e deve essere monitorata la funzionalit&agrave; renale. Ci sono state segnalazioni dalla letteratura che fanno riferimento ad un possibile aumento dell&rsquo;assorbimento di alluminio con i sali di citrato. La compressa effervescente di Calcium Sandoz (che contiene 1662.00 mg (500 mg compresse) o 3323.0 mg (1000 mg compresse) di acido citrico) deve essere utilizzata con cautela in pazienti con funzionalit&agrave; renale gravemente compromessa, specialmente in quelli che assumono anche preparazioni contenenti alluminio. <b>Questo medicinale contiene aspartame, sodio, sorbitolo, alcol benzilico, diossido di zolfo e glucosio</b>. Questo medicinale contiene 630 microgrammi di sorbitolo (E 420) per compressa. Questo medicinale contiene 2,98 mmol (corrispondenti a 68,45 mg) di sodio per compressa effervescente, equivalenti al 3,4% dell'assunzione giornaliera massima raccomandata dall'OMS di 2 g di sodio per un adulto. Questo medicinale contiene 180 nanogrammi di alcool benzilico in ogni compressa. L'alcol benzilico pu&ograve; causare reazioni allergiche. La somministrazione endovenosa di alcol benzilico &egrave; stata associata a gravi eventi avversi e morte in neonati (sindrome da respiro agonico). Non &egrave; nota la minima quantit&agrave; di alcol benzilico per cui si manifesta la tossicit&agrave;. Aumento del rischio dovuto all'accumulo nei bambini piccoli. Volumi elevati devono essere usati con cautela e solo se necessario, specialmente in pazienti in gravidanza o in allattamento e in soggetti con insufficienza epatica o renale a causa del rischio di accumulo e tossicit&agrave; (acidosi metabolica). Questo medicinale contiene 210 nanogrammi di diossido di zolfo che pu&ograve; raramente causare gravi reazioni di ipersensibilit&agrave; e broncospasmo. Questo medicinale contiene 30 mg di aspartame in ogni compressa effervescente. L'aspartame &egrave; una fonte di fenilalanina e pu&ograve; essere dannoso per le persone con fenilketonuria. Questo medicinale contiene glucosio. I pazienti affetti da rari problemi di malassorbimento di glucosio-galattosio, non devono assumere questo medicinale. Pu&ograve; anche essere dannoso per i denti. Calcium Sandoz 1000 mg contiene aspartame, sodio, sorbitolo, alcol benzilico, diossido di zolfo e glucosio. Questo medicinale contiene 630 microgrammi di sorbitolo (E 420) in ogni compressa. Questo medicinale contiene contiene 5,95 mmol (corrispondenti a 136,90 mg) di sodio per compressa equivalenti al 6.9% della massima assunzione giornaliera raccomandata dall&rsquo;OMS di 2 g di sodio per un adulto. Questo medicinale contiene 180 nanogrammi di alcool benzilico in ogni compressa. L'alcol benzilico pu&ograve; causare reazioni allergiche. La somministrazione endovenosa di alcol benzilico &egrave; stata associata a gravi eventi avversi e morte in neonati (sindrome da respiro agonico). Non &egrave; nota la minima quantit&agrave; di alcol benzilico per cui si manifesta la tossicit&agrave;. Aumento del rischio dovuto all'accumulo nei bambini piccoli. Volumi elevati devono essere usati con cautela e solo se necessario, specialmente in soggetti con insufficienza epatica o renale a causa del rischio di accumulo e tossicit&agrave; (acidosi metabolica). Questo medicinale contiene 210 nanogrammi di diossido di zolfo che pu&ograve; raramente causare gravi reazioni di ipersensibilit&agrave; e broncospasmo. Questo medicinale contiene 30 mg di aspartame in ciascuna compressa effervescente. L'aspartame &egrave; una fonte di fenilalanina e pu&ograve; essere dannoso per le persone con fenilchetonuria. Questo medicinale contiene glucosio. I pazienti affetti da rari problemi di malassorbimento di glucosio-galattosio, non devono assumere questo medicinale. Pu&ograve; anche essere dannoso per i denti. Calcium Sandoz compresse effervescenti deve essere tenuto fuori dalla portata dei bambini. <u>Informazioni per i diabetici</u>: Una compressa effervescente contiene 0,002 unit&agrave; di carboidrati ed &egrave; perci&ograve; adatto ai diabetici.</p>  <h3>Interazioni</h3>  <p>I diuretici tiazidici riducono l&rsquo;escrezione urinaria di calcio. A causa dell&rsquo;aumentato rischio di ipercalcemia, il calcio sierico deve essere regolarmente monitorato durante l&rsquo;uso concomitante di diuretici tiazidici. I corticosteroidi sistemici riducono l&rsquo;assorbimento di calcio. Durante l&rsquo;uso concomitante, pu&ograve; essere necessario incrementare la dose di Calcium Sandoz. Preparati a base di tetracicline somministrati contemporaneamente a preparazioni di calcio, possono non essere ben assorbiti. Per questa ragione, le preparazioni contenenti tetracicline devono essere somministrate almeno 2 ore prima o 4-6 ore dopo l&rsquo;assunzione orale di calcio. L&rsquo;ipercalcemia derivante dal trattamento con calcio, pu&ograve; aumentare la tossicit&agrave; dei glicosidi cardiaci. I pazienti devono essere monitorati per quanto riguarda elettrocardiogramma (ECG) e livelli sierici di calcio. In caso di trattamento orale concomitante con bifosfonati o sodio fluoruro, tale preparato deve essere somministrato almeno 3 ore prima dell&rsquo;assunzione di Calcium Sandoz, in quanto l&rsquo;assorbimento gastrointestinale sia dei bifosfonati, sia del sodio fluoruro pu&ograve; essere ridotto. L&rsquo;acido ossalico (presente negli spinaci e nel rabarbaro) e l&rsquo;acido fitico (presente nei cereali integrali) possono inibire l&rsquo;assorbimento del calcio attraverso la formazione di composti insolubili con gli ioni calcio. I pazienti non devono assumere prodotti contenenti calcio entro 2 ore dall&rsquo;assunzione di cibi ricchi di acido ossalico e fitico.</p>  <h3>Gravidanza e allattamento</h3>  <p>L&rsquo;apporto giornaliero adeguato (compreso cibo e integrazione) per donne con gravidanza normale e allattamento, &egrave; di 1.000-1.300 mg di calcio. Durante la gravidanza, l&rsquo;apporto giornaliero di calcio non deve eccedere i 1.500 mg. Quantit&agrave; significative di calcio sono secrete nel latte materno durante l&rsquo;allattamento ma non causano effetti avversi al neonato. In caso di carenza di calcio, Calcium Sandoz compresse effervescenti pu&ograve; essere utilizzato durante la gravidanza e l&rsquo;allattamento.</p>  <h3>Effetti sulla guida e sull'uso di macchinari</h3>  <p>Calcium Sandoz non influisce sulla capacit&agrave; di guidare veicoli e di usare macchinari.</p>  <h3>Effetti indesiderati</h3>  <p>Le reazioni avverse sono riportate di seguito, secondo la classificazione organico sistemica e la frequenza. La frequenza &egrave; definita come: <i>non comune</i> (&gt;1/1.000, &lt; 1/100), <i>raro</i> (&gt;1/10.000, &lt; 1/1.000) o <i>molto raro</i> (&lt; 1/10.000), inclusi i casi isolati. <u>Disturbi del sistema immunitario</u>. <i>Raro</i>: ipersensibilit&agrave;, quali rash, prurito, orticaria. <i>Molto raro</i>: sono stati segnalati casi isolati di reazioni allergiche sistemiche (reazioni anafilattiche, edema al viso, edema angioneurotico). <u>Disturbi del metabolismo e della nutrizione</u>. <i>Non comune</i>: ipercalcemia, ipercalciuria. <u>Disturbi gastrointestinali</u>. <i>Raro</i>: flatulenza, costipazione, diarrea, nausea, vomito, dolore addominale. <u>Segnalazione delle reazioni avverse sospette</u> La segnalazione delle reazioni avverse sospette che si verificano dopo l&rsquo;autorizzazione del medicinale &egrave; importante, in quanto permette un monitoraggio continuo del rapporto beneficio/rischio del medicinale. Agli operatori sanitari &egrave; richiesto di segnalare qualsiasi reazione avversa sospetta il sistema nazionale di segnalazione all&rsquo;indirizzo: https://www.aifa.gov.it/content/segnalazioni-reazioni-avverse.</p>  <h3>Sovradosaggio</h3>  <p>Il sovradosaggio porta a ipercalciuria e ipercalcemia. I sintomi dell&rsquo;ipercalcemia possono includere: nausea, vomito, sete, polidipsia, poliuria, disidratazione e costipazione. Un sovradosaggio cronico con conseguente ipercalcemia pu&ograve; causare calcificazione vascolare e d&rsquo;organo. La soglia per intossicazione da calcio &egrave; da integrazioni che superano i 2.000 mg al giorno, presi per molti mesi. <i>Trattamento del sovradosaggio</i> In caso di intossicazione, il trattamento deve essere immediatamente interrotto e deve essere corretta la carenza di liquidi. In caso di sovradosaggio cronico in cui &egrave; presente ipercalcemia, la fase terapeutica iniziale consiste nella idratazione con soluzione salina. Quindi pu&ograve; essere utilizzato un diuretico dell&rsquo;ansa (es. furosemide) per aumentare ulteriormente l&rsquo;escrezione di calcio e per prevenire un sovraccarico di volume, ma i diuretici tiazidici devono essere evitati. In pazienti con insufficienza renale, l&rsquo;idratazione &egrave; inefficace e devono sottoporsi a dialisi. In caso di ipercalcemia persistente, si devono escludere i fattori che concorrono, ad esempio vitamina A o D, ipervitaminosi, iperparatiroidismo primario, tumori maligni, insufficienza renale o immobilizzazione.</p>  <h3>Conservazione</h3>  <p>Tenere il tubo ben chiuso. Conservare nella confezione originale.</p>",CALCIUM SANDOZ COMPRESSE EFFERVESCENTI,1,1,4,9.11,,,,Taxable Goods,2,1,259,005259015,2759,calcium-sandoz-compresse-effervescenti-005259015
005259041,default,Default,simple,54,base,Calcium Sandoz 30bust 1000mg,Calcium Sandoz*30bust 1000mg,Calcium Sandoz*30bust 1000mg,1,1,4,3.74,,,,Taxable Goods,0,0,259,005259041,2759,calcium-sandoz-30bust-1000mg-005259041
005328036,default,Default,simple,54,base,Calcio Dobetin os 12fl 10ml,Calcio Dobetin*os 12fl 10ml,Calcio Dobetin*os 12fl 10ml,1,1,4,5.04,,,,Taxable Goods,0,0,2757,005328036,2759,calcio-dobetin-os-12fl-10ml-005328036
005375062,default,Default,simple,54,base,Proluton im 1f 250mg 1ml,Proluton*im 1f 250mg 1ml,Proluton*im 1f 250mg 1ml,1,1,4,1.37,,,,Taxable Goods,0,0,221,005375062,2759,proluton-im-1f-250mg-1ml-005375062
005417050,default,Default,simple,54,base,"Tiroide Ibsa 50cpr 19,54+5,69","Tiroide Ibsa*50cpr 19,54+5,69","Tiroide Ibsa*50cpr 19,54+5,69",1,1,4,5.72,,,,Taxable Goods,0,0,232,005417050,2759,tiroide-ibsa-50cpr-19-54-5-69-005417050
005417062,default,Default,simple,54,base,"Tiroide Ibsa 25cpr 74+21,4mcg","Tiroide Ibsa*25cpr 74+21,4mcg","Tiroide Ibsa*25cpr 74+21,4mcg",1,1,4,5.98,,,,Taxable Goods,0,0,232,005417062,2759,tiroide-ibsa-25cpr-74-21-4mcg-005417062
005472028,default,Default,simple,54,base,Tapazole 100cpr 5mg,Tapazole*100cpr 5mg,Tapazole*100cpr 5mg,1,1,4,3.21,,,,Taxable Goods,5,1,5281,005472028,2759,tapazole-100cpr-5mg-005472028
005540012,default,Default,simple,54,base,Citrato Espresso S.pellegr 40g,Citrato Espresso S.pellegr*40g,Citrato Espresso S.pellegr*40g,1,1,4,3.87,,,,Taxable Goods,0,0,261,005540012,2759,citrato-espresso-s-pellegr-40g-005540012
005556030,default,Default,simple,54,base,ORTODERMINA CREMA AL 5%,"<h3>Denominazione</h3>  <p>ORTODERMINA CREMA AL 5%</p>  <h3>Principi attivi</h3>  <p>100 g di crema contengono 6.15 g di Lidocaina cloridrato, pari a Lidocaina base 5 g. Eccipienti con effetti noti: alcol cetostearilico<b>,</b> p-idrossibenzoato di metile. Per l&rsquo;elenco completo degli eccipienti, vedere paragrafo 6.1.</p>  <h3>Eccipienti</h3>  <p>Alcool cetostearilico, Macrogol cetostearile etere, Olio di vaselina, Vaselina filante bianca, P-idrossibenzoato di metile, Acqua depurata.</p>  <h3>Indicazioni terapeutiche</h3>  <p>Anestetico delle mucose accessibili del cavo oro-faringeo, prurito ano-rettale. Anestetico in caso di lievi lesioni della cute.</p>  <h3>Posologia</h3>  <p>Applicare la crema sulla parte lesa in maniera opportuna; se la pelle mostra delle lacerazioni, si consiglia di spalmare la crema mediante un tampone di garza sterile. In odontoiatria, nell&rsquo;anestesia della mucosa del cavo orale asciugare quest&rsquo;ultima con un batuffolo di cotone e con un eiettore di saliva in maniera da minimizzare la diluizione della crema e favorire il massimo assorbimento della lidocaina. Nell&rsquo;adattamento di una nuova dentiera, stendere la crema sulla superficie a contatto con la mucosa (Importante: il periodo d&rsquo;assestamento). In caso di prurito ano - rettale, per facilitare la somministrazione, &egrave; possibile utilizzare la cannula applicatrice (inclusa nella confezione da 3 g). L&rsquo;applicazione giornaliera non deve superare i 35 g di crema.</p>  <h3>Controindicazioni</h3>  <p>Ipersensibilit&agrave; al principio attivo o ad uno qualsiasi degli eccipienti elencati al paragrafo 6.1.</p>  <h3>Avvertenze e precauzioni</h3>  <p>L&rsquo;ORTODERMINA deve essere usata con cautela da quei soggetti che presentano una mucosa particolarmente traumatizzata e sepsi nella regione destinata all&rsquo;applicazione della crema. In ogni caso la sicurezza dell&rsquo;impiego dipende dal dosaggio, da una corretta tecnica d&rsquo;applicazione e dall&rsquo;adozione di misure precauzionali. Il prodotto dovrebbe essere utilizzato alla minima dose efficace, riducendo opportunamente la dose in rapporto all&rsquo;et&agrave; e allo stato fisico nei bambini, negli anziani e negli ammalati in forma acuta.</p>  <h3>Interazioni</h3>  <p>Non sono note interazioni con altre sostanze.</p>  <h3>Gravidanza e allattamento</h3>  <p>Nelle donne in gravidanza e nella primissima infanzia il prodotto deve essere usato solo in caso di effettiva necessit&agrave; e sotto diretto controllo del medico.</p>  <h3>Effetti sulla guida e sull'uso di macchinari</h3>  <p>Non pertinente.</p>  <h3>Effetti indesiderati</h3>  <p>Con l&rsquo;uso di lidocaina possono verificarsi reazioni locali e generali di tipo allergico fino a manifestazioni anafilattoidi. La comparsa di segni sistemici &egrave; rara ed &egrave; dovuta ad eccessivo dosaggio, rapido assorbimento, ipersensibilit&agrave; o ridotta tolleranza. In questi casi si pu&ograve; verificare depressione cardiovascolare ed eccitazione nervosa seguita da sedazione con sonnolenza o perdita della coscienza. In tali casi &egrave; necessario adottare le adeguate misure d&rsquo;urgenza. <b>Segnalazione delle reazioni avverse sospette.</b> La segnalazione delle reazioni avverse sospette che si verificano dopo l&rsquo;autorizzazione del medicinale &egrave; importante, in quanto permette un monitoraggio continuo del rapporto beneficio/rischio del medicinale. Agli operatori sanitari &egrave; richiesto di segnalare qualsiasi reazione avversa sospetta tramite il sistema nazionale di segnalazione all&rsquo;indirizzo www.agenziafarmaco.gov.it/content/come-segnalare-una-sospetta-reazione-avversa</p>  <h3>Sovradosaggio</h3>  <p>L&rsquo;eccessivo dosaggio, il rapido assorbimento e l&rsquo;ipersensibilit&agrave; o ridotta tolleranza provocano la comparsa di depressione cardiovascolare ed eccitazione nervosa seguita da sedazione con sonnolenza o perdita della coscienza. In tali casi &egrave; necessario adottare le adeguate misure d&rsquo;urgenza.</p>  <h3>Conservazione</h3>  <p>Non necessarie.</p>",ORTODERMINA CREMA AL 5%,1,1,4,5.85,,,,Taxable Goods,1,1,229,005556030,2759,ortodermina-crema-al-5-005556030
005583024,default,Default,simple,54,base,Calyptol Inalante u.est.10f5ml,Calyptol Inalante*u.est.10f5ml,Calyptol Inalante*u.est.10f5ml,1,1,4,6.36,,,,Taxable Goods,0,0,255,005583024,2759,calyptol-inalante-u-est-10f5ml-005583024
005640038,default,Default,simple,54,base,Evion 20cpr Riv 100mg,Evion*20cpr Riv 100mg,Evion*20cpr Riv 100mg,1,1,4,5.67,,,,Taxable Goods,0,0,264,005640038,2759,evion-20cpr-riv-100mg-005640038
005640053,default,Default,simple,54,base,Evion im 5f 2ml 300mg/2ml,Evion*im 5f 2ml 300mg/2ml,Evion*im 5f 2ml 300mg/2ml,1,1,4,2.24,,,,Taxable Goods,0,0,367,005640053,2759,evion-im-5f-2ml-300mg-2ml-005640053
